{"type":"OEDeploymentPlan","hpProvided":false,"customAttributes":[{"constraints":"{\"minimum\":\"1\",\"maximum\":\"40960\",\"unit\":\"MiB\"}","visible":true,"editable":true,"description":"Size of new OS Volume to be created.","name":"VolumeSize","value":"","id":"2f46a9cc-5be5-434f-a3ae-0ea452aac4fc","type":"number"}],"importMetadata":false,"eTag":null,"created":null,"modified":null,"goldenImageURI":"","oeBuildPlanURI":"HPE - Foundation 1.0 - create empty OS Volume-2017-03-24","category":null,"description":"Create an empty OS Volume to be the target for OS install. (c) Copyright 2017 Hewlett Packard Enterprise Development LP. Licensed under the Apache License, Version 2.0  (the \"License\");...","status":null,"uri":null,"name":"HPE - Foundation 1.0 - create empty OS Volume-2017-03-24","id":"406d4033-e437-4962-a049-c018b92523ef","state":null}