{"type":"OeBuildPlan","dependentArtifacts":null,"customAttributes":[],"buildStep":[],"eTag":null,"created":null,"modified":null,"etag":null,"hpProvided":true,"buildPlanid":"9af095fe-5463-4b0d-a05c-fac1c180d0e5","oeBuildPlanType":"capture","category":null,"description":"Capture OS Volume as is - version 1.00 Create a new Golden Image from an OS Volume with no generalization changes to the OS Volume content.(c) Copyright 2017 Hewlett Packard Enterprise Development LP. Licensed under the Apache License, Version 2.0;...","status":null,"uri":null,"name":"HPE - Foundation 1.0 - capture OS Volume as is-2017-03-24"}