{"type":"OeBuildPlan","dependentArtifacts":null,"customAttributes":[],"buildStep":[],"eTag":null,"created":null,"modified":null,"etag":null,"hpProvided":true,"buildPlanid":"ac519e8f-4ebe-4ad4-8772-c38d85727150","oeBuildPlanType":"capture","category":null,"description":"Create a new Golden Image from an OS Volume with no generalization changes to the OS Volume content.(c) Copyright 2017 Hewlett Packard Enterprise Development LP. Licensed under the Apache License, Version 2.0 (the \"License\");you may not use this;...","status":null,"uri":null,"name":"HPE - Foundation 1.0 - deploy Golden Image as is-2017-03-24"}