{"type":"OEDeploymentPlan","hpProvided":false,"customAttributes":[{"constraints":"{}","editable":true,"visible":true,"description":"","name":"ExampleOption","value":"","id":"b53497e8-9619-41dd-b8ab-0dcdb75b76ce","type":"string"},{"constraints":"{}","editable":true,"visible":true,"description":"","name":"ExampleNumber2","value":"9999","id":"a6311728-d1b1-44bd-bc73-c4879a4f960a","type":"string"},{"constraints":"{}","editable":true,"visible":true,"description":"","name":"ExampleString4","value":"Initial Script Default","id":"ecb9334f-f1c2-45e5-b2ba-c482361ab1d2","type":"string"},{"constraints":"{}","editable":true,"visible":true,"description":"","name":"ExampleString3","value":"Script Default","id":"d6beefe9-4915-4095-b2e6-796f9b96477a","type":"string"},{"constraints":"{}","editable":true,"visible":true,"description":"","name":"ExampleString2","value":"","id":"bbbe5e36-7348-45ae-910d-acf659dbc676","type":"string"},{"constraints":"{}","editable":true,"visible":true,"description":"","name":"ExampleFQDN","value":"","id":"a795f856-c8bb-4f9a-9fa7-ed5191ac04c2","type":"string"},{"constraints":"{}","editable":true,"visible":true,"description":"","name":"ExamplePassword","value":"","id":"9319231e-65fa-421c-a2ed-8353286da491","type":"string"},{"constraints":"{}","editable":true,"visible":true,"description":"","name":"ExampleString1","value":"","id":"762e2e58-80e0-4acd-b0be-78d090ddc79e","type":"string"},{"constraints":"{}","editable":true,"visible":true,"description":"","name":"ExampleNumber1","value":"","id":"2c74702d-9a18-4faa-80bc-4516d28639f9","type":"string"},{"constraints":"{}","editable":true,"visible":true,"description":"","name":"DeploymentTesting","value":"Fail_OS_Deployment","id":"5c751944-32aa-47fb-88a4-44fde263fe3a","type":"string"},{"constraints":"{}","editable":true,"visible":true,"description":"","name":"ExampleIPv4Address","value":"","id":"b758caa6-0a98-4085-9211-68ca3ec8dc72","type":"string"}],"importMetadata":false,"eTag":null,"created":null,"modified":null,"goldenImageURI":"HPE - Developer 1.0 - UEFI Test Image - 2017-03-24","oeBuildPlanURI":"User - Developer 1.0 - example UEFI deploy - 2017-03-24","category":null,"description":"(c) Copyright 2017 Hewlett Packard Enterprise Development LP. Licensed under the Apache License, Version 2.0 (the \"License\");you may not use this file except in compliance with the License.You may obtain a copy of the License;...","status":null,"uri":null,"name":"User - Developer 1.0 - Deployment Test (UEFI) - 2017-03-24","id":"001d3935-ddc6-4726-8e52-41843df9dc42","state":null}