{"type":"OeBuildPlan","dependentArtifacts":null,"customAttributes":[],"buildStep":[{"planScriptUri":"/rest/plan-scripts/ec5ccae4-7a69-4164-b96f-8f4e193ca1a8","planScriptName":"HPE - Developer 1.0 - example UEFI generalization script - 2017-03-24","parameters":null,"serialNumber":"1"}],"etag":null,"eTag":null,"created":null,"modified":null,"hpProvided":true,"buildPlanid":"26fc79f6-c852-4085-a906-52111be498c2","oeBuildPlanType":"capture","category":null,"description":"(c) Copyright 2017 Hewlett Packard Enterprise Development LP. Licensed under the Apache License, Version 2.0 (the \"License\");you may not use this file except in compliance with the License.You may obtain a copy of the License;...","status":null,"uri":null,"name":"HPE - Developer 1.0 - example UEFI capture - 2017-03-24"}