{"type":"OeBuildPlan","dependentArtifacts":null,"customAttributes":[],"buildStep":[{"planScriptUri":"/rest/plan-scripts/c57ebf3a-f1b4-408a-bef2-ba182de65554","planScriptName":"User - Developer 1.0 - example UEFI generalization script - 2017-03-24","parameters":null,"serialNumber":"1"}],"etag":null,"eTag":null,"created":null,"modified":null,"hpProvided":false,"buildPlanid":"2cb7193e-15be-45a6-9880-4691e28bac56","oeBuildPlanType":"capture","category":null,"description":"(c) Copyright 2017 Hewlett Packard Enterprise Development LP. Licensed under the Apache License, Version 2.0 (the \"License\");you may not use this file except in compliance with the License.You may obtain a copy of the License;...","status":null,"uri":null,"name":"User - Developer 1.0 - example UEFI capture - 2017-03-24"}