{"type":"GoldenImage","dependentArtifacts":null,"osVolumeName":null,"checkSum":null,"osVolumeCategory":null,"buildPlanName":null,"buildPlanCategory":null,"imageCapture":false,"osVolumeURI":null,"buildPlanUri":null,"importedFromBundle":true,"bundleName":"HPE-ImageStreamer-Developer-2017-07-07","bundleURI":"/ci/data/i3s/artifactsbundle/c33f8d00-79c4-4e4d-99e9-12a045792c5d","artifactBundleCategory":"artifact-bundles","readOnly":true,"created":null,"modified":null,"category":null,"description":"HPE Golden Image for testing OS Deployment. This Golden Image includes a UEFI System Partition and a GRUB loader having a simple configuration to show a message on the server console at boot. (c) Copyright 2017 Hewlett Packard Enterprise Development LP;","status":null,"uri":null,"name":"HPE - Developer 1.0 - UEFI Test Image - 2017-03-24","id":"53bd20c3-18eb-4a59-82bf-b39d4cd24e6a","state":null,"size":0,"eTag":null}