{"type":"OEDeploymentPlan","hpProvided":true,"customAttributes":[{"constraints":"{}","editable":true,"visible":true,"description":"","name":"ExampleOption","value":"","id":"52340088-acf7-44c7-b0ee-807dd1a31c23","type":"string"},{"constraints":"{}","editable":true,"visible":true,"description":"","name":"ExampleNumber2","value":"9999","id":"db48b65a-cdc3-4218-a2fb-2b65e9f3a820","type":"string"},{"constraints":"{}","editable":true,"visible":true,"description":"","name":"ExampleString4","value":"Initial Script Default","id":"382ad6b1-0ab9-40d9-8be5-c2e12420d7e5","type":"string"},{"constraints":"{}","editable":true,"visible":true,"description":"","name":"ExampleString3","value":"Script Default","id":"7871771f-3364-4b21-a6c4-eecf245cc166","type":"string"},{"constraints":"{}","editable":true,"visible":true,"description":"","name":"ExampleString2","value":"","id":"bfaa7ae8-b22c-49af-adb0-bff36d2e4876","type":"string"},{"constraints":"{}","editable":true,"visible":true,"description":"","name":"ExampleFQDN","value":"","id":"ee8188fa-03ca-4f3e-b18d-3996b1068db4","type":"string"},{"constraints":"{}","editable":true,"visible":true,"description":"","name":"ExamplePassword","value":"","id":"ba58d3e1-cfc8-4597-ae46-50ef54633185","type":"string"},{"constraints":"{}","editable":true,"visible":true,"description":"","name":"ExampleString1","value":"","id":"d0a0b46d-aea6-4e6f-b49c-de7d646eec43","type":"string"},{"constraints":"{}","editable":true,"visible":true,"description":"","name":"ExampleNumber1","value":"","id":"1875a819-fc3f-4a23-a6be-0db99f287ff1","type":"string"},{"constraints":"{}","editable":true,"visible":true,"description":"","name":"ExampleIPv4Address","value":"","id":"fc649d4d-a4d8-409b-b37d-56fa09ee8614","type":"string"}],"importMetadata":false,"eTag":null,"created":null,"modified":null,"goldenImageURI":"HPE - Developer 1.0 - UEFI Test Image - 2017-03-24","oeBuildPlanURI":"HPE - Developer 1.0 - example UEFI deploy - 2017-03-24","category":null,"description":"(c) Copyright 2017 Hewlett Packard Enterprise Development LP. Licensed under the Apache License, Version 2.0 (the \"License\");you may not use this file except in compliance with the License.You may obtain a copy of the License;...","status":null,"uri":null,"name":"HPE - Developer 1.0 - Deployment Test (UEFI) - 2017-03-24","id":"5c32d7db-b3b3-4a1d-9514-22e8158a01a9","state":null}