{"type":"OeBuildPlan","dependentArtifacts":null,"customAttributes":[{"constraints":"{\"ipv4static\":true,\"ipv4dhcp\":false,\"ipv4disable\":false,\"parameters\":[\"dns1\",\"dns2\",\"domain\",\"gateway\",\"ipaddress\",\"mac\",\"netmask\"]}","description":"","name":"ExampleNIC","value":"","type":"nic"},{"constraints":"{}","description":"","name":"VolumeSize","value":"","type":"string"},{"constraints":"{}","description":"","name":"ExamplePassword","value":"","type":"string"},{"constraints":"{}","description":"","name":"ExampleString","value":"","type":"string"},{"constraints":"{}","description":"","name":"ExampleNumber","value":"","type":"string"},{"constraints":"{}","description":"","name":"ExampleFQDN","value":"","type":"string"},{"constraints":"{}","description":"","name":"ExampleOption","value":"","type":"string"},{"constraints":"{}","description":"","name":"ExampleConstrainedString","value":"","type":"string"},{"constraints":"{}","description":"","name":"DeploymentTesting","value":"Fail_OS_Deployment","type":"string"},{"constraints":"{}","description":"","name":"ExampleIPv4Address","value":"","type":"string"}],"buildStep":[{"planScriptUri":"/rest/plan-scripts/d506d12f-1400-41f8-b252-f637f236759c","planScriptName":"HPE - Developer 1.0 - create empty OS Volume - 2017-07-07","parameters":null,"serialNumber":"1"},{"planScriptUri":"/rest/plan-scripts/a1118562-8a0c-4508-b1c5-d9ba91e6d96f","planScriptName":"HPE - Developer 1.0 - add example messages to log - 2017-03-24","parameters":null,"serialNumber":"2"},{"planScriptUri":"/rest/plan-scripts/a2a56de8-9406-40ae-8992-873c4b741b6d","planScriptName":"HPE - Developer 1.0 - attempt or fail deployment - 2017-03-24","parameters":null,"serialNumber":"3"}],"etag":null,"eTag":null,"created":null,"modified":null,"hpProvided":true,"buildPlanid":"82d6c781-7a72-4610-84bd-bf7a74bfd832","oeBuildPlanType":"deploy","category":null,"description":"(c) Copyright 2017 Hewlett Packard Enterprise Development LP. Licensed under the Apache License, Version 2.0 (the \"License\");you may not use this file except in compliance with the License.You may obtain a copy of the License;...","status":null,"uri":null,"name":"HPE - Developer 1.0 - example attribute types - 2017-07-07"}