{"type":"PlanScript","dependentArtifacts":null,"hpProvided":false,"eTag":null,"created":null,"modified":null,"planType":"deploy","customAttributes":null,"category":null,"description":"Attempt or intentionally fail OS deployment. Intentionally failing deployment is useful to aid rapid development of artifacts.","status":null,"uri":null,"name":"HPE - Developer 1.0 - attempt or fail deployment - 2017-03-24","id":"a2a56de8-9406-40ae-8992-873c4b741b6d","state":null,"content":"# (c) Copyright 2017 Hewlett Packard Enterprise Development LP\n#\n# Licensed under the Apache License, Version 2.0 (the \"License\");\n# you may not use this file except in compliance with the License.\n# You may obtain a copy of the License at #http://www.apache.org/licenses/LICENSE-2.0\n#\n# Unless required by applicable law or agreed to in writing, software distributed\n# under the License is distributed on an \"AS IS\" BASIS, WITHOUT WARRANTIES #OR\n# CONDITIONS OF ANY KIND, either express or implied. See the License for the\n# specific language governing permissions and limitations under the License.\n\n# This plan script may be used to test failure of OS deployment.\necho \"Attempt or Intentionally Fail OS Deployment as Requested.\"\n@DeploymentTesting:Fail_OS_Deployment@"}