{"type":"PlanScript","dependentArtifacts":null,"hpProvided":false,"eTag":null,"created":null,"modified":null,"planType":"deploy","customAttributes":null,"category":null,"description":"Example personalization script for example UEFI Golden Image. This script changes the loader message to include personalization settings from the OS deployment.","status":null,"uri":null,"name":"User -  Developer 1.0 - example UEFI personalization script - 2017-03-24","id":"af01df78-a828-447d-9267-7c149d334c79","state":null,"content":"# (c) Copyright 2017 Hewlett Packard Enterprise Development LP\n#\n# Licensed under the Apache License, Version 2.0 (the \"License\");\n# you may not use this file except in compliance with the License.\n# You may obtain a copy of the License at #http://www.apache.org/licenses/LICENSE-2.0\n#\n# Unless required by applicable law or agreed to in writing, software distributed\n# under the License is distributed on an \"AS IS\" BASIS, WITHOUT WARRANTIES #OR\n# CONDITIONS OF ANY KIND, either express or implied. See the License for the\n# specific language governing permissions and limitations under the License.\n\n\n# Example Image Streamer Plan Script for UEFI deployment demo\n\n!echo \"File Systems in Golden Image:\"\nlist-filesystems\n\n!echo \"Mounting File Systems:\"\nmount /dev/sda1 /\n\n!echo \"Personalize message.txt content:\"\n\nupload -<<EOF /EFI/BOOT/message.txt\n\nUEFI loader message.txt has been personalized!\n\nExample attributes and values:\n    ExampleString1: @ExampleString1@\n    ExampleString2: @ExampleString2@\n    ExampleString3: @ExampleString3:Script Default@\n    ExampleString4: @ExampleString4:Initial Script Default@\n    ExampleNumber1: @ExampleNumber1@\n    ExampleNumber2: @ExampleNumber2:9999@\n    ExampleOption: @ExampleOption@\n    ExampleIPv4Address: @ExampleIPv4Address@\n    ExampleFQDN: @ExampleFQDN@\n    ExamplePassword: @ExamplePassword@\n\nEOF\n\numount /"}