{"type":"PlanScript","dependentArtifacts":null,"hpProvided":false,"eTag":null,"created":null,"modified":null,"planType":"capture","customAttributes":null,"category":null,"description":"Example generalization script for example UEFI Golden Image. This script changes the loader message to remove personalization settings from the Golden Image being created.","status":null,"uri":null,"name":"User - Developer 1.0 - example UEFI generalization script - 2017-03-24","id":"c57ebf3a-f1b4-408a-bef2-ba182de65554","state":null,"content":"# (c) Copyright 2017 Hewlett Packard Enterprise Development LP\n#\n# Licensed under the Apache License, Version 2.0 (the \"License\");\n# you may not use this file except in compliance with the License.\n# You may obtain a copy of the License at #http://www.apache.org/licenses/LICENSE-2.0\n#\n# Unless required by applicable law or agreed to in writing, software distributed\n# under the License is distributed on an \"AS IS\" BASIS, WITHOUT WARRANTIES #OR\n# CONDITIONS OF ANY KIND, either express or implied. See the License for the\n# specific language governing permissions and limitations under the License.\n\n# Example Image Streamer Plan Script for UEFI capture demo\n\n!echo \"File Systems in Golden Image:\"\nlist-filesystems\n\n!echo \"Mounting File Systems:\"\nmount /dev/sda1 /\n\n!echo \"Generalize message.txt content:\"\n\nupload -<<EOF /EFI/BOOT/message.txt\n\nUEFI loader message.txt has been generalized!\n\nEOF\n\numount /"}