{"type":"OeBuildPlan","dependentArtifacts":null,"customAttributes":[{"constraints":"{}","description":"","name":"ExampleString2","value":"","type":"string"},{"constraints":"{}","description":"","name":"ExampleNumber2","value":"9999","type":"string"},{"constraints":"{}","description":"","name":"ExampleNumber1","value":"","type":"string"},{"constraints":"{}","description":"","name":"ExampleString1","value":"","type":"string"},{"constraints":"{}","description":"","name":"ExamplePassword","value":"","type":"string"},{"constraints":"{}","description":"","name":"ExampleString4","value":"Initial Script Default","type":"string"},{"constraints":"{}","description":"","name":"ExampleString3","value":"Script Default","type":"string"},{"constraints":"{}","description":"","name":"ExampleFQDN","value":"","type":"string"},{"constraints":"{}","description":"","name":"ExampleOption","value":"","type":"string"},{"constraints":"{}","description":"","name":"DeploymentTesting","value":"Fail_OS_Deployment","type":"string"},{"constraints":"{}","description":"","name":"ExampleIPv4Address","value":"","type":"string"}],"buildStep":[{"planScriptUri":"/rest/plan-scripts/af01df78-a828-447d-9267-7c149d334c79","planScriptName":"User -  Developer 1.0 - example UEFI personalization script - 2017-03-24","parameters":null,"serialNumber":"1"},{"planScriptUri":"/rest/plan-scripts/a2a56de8-9406-40ae-8992-873c4b741b6d","planScriptName":"HPE - Developer 1.0 - attempt or fail deployment - 2017-03-24","parameters":null,"serialNumber":"2"}],"etag":null,"eTag":null,"created":null,"modified":null,"hpProvided":false,"buildPlanid":"c95d0ea9-53d6-4b2e-bdec-a5065420b770","oeBuildPlanType":"deploy","category":null,"description":"(c) Copyright 2017 Hewlett Packard Enterprise Development LP. Licensed under the Apache License, Version 2.0 (the \"License\");you may not use this file except in compliance with the License.You may obtain a copy of the License;...","status":null,"uri":null,"name":"User - Developer 1.0 - example UEFI deploy - 2017-03-24"}