{"type":"OeBuildPlan","dependentArtifacts":null,"customAttributes":[{"constraints":"{}","description":"","name":"ExampleString2","value":"","type":"string"},{"constraints":"{}","description":"","name":"ExampleNumber2","value":"9999","type":"string"},{"constraints":"{}","description":"","name":"ExampleNumber1","value":"","type":"string"},{"constraints":"{}","description":"","name":"ExampleString1","value":"","type":"string"},{"constraints":"{}","description":"","name":"ExamplePassword","value":"","type":"string"},{"constraints":"{}","description":"","name":"ExampleString4","value":"Initial Script Default","type":"string"},{"constraints":"{}","description":"","name":"ExampleString3","value":"Script Default","type":"string"},{"constraints":"{}","description":"","name":"ExampleFQDN","value":"","type":"string"},{"constraints":"{}","description":"","name":"ExampleOption","value":"","type":"string"},{"constraints":"{}","description":"","name":"ExampleIPv4Address","value":"","type":"string"}],"buildStep":[{"planScriptUri":"/rest/plan-scripts/5915de72-d411-4826-9224-0884495cdf16","planScriptName":"HPE - Developer 1.0 - example UEFI personalization script - 2017-03-24","parameters":null,"serialNumber":"1"}],"etag":null,"eTag":null,"created":null,"modified":null,"hpProvided":true,"buildPlanid":"f3512249-03a2-4973-b183-80b507806ca5","oeBuildPlanType":"deploy","category":null,"description":"(c) Copyright 2017 Hewlett Packard Enterprise Development LP. Licensed under the Apache License, Version 2.0 (the \"License\");you may not use this file except in compliance with the License.You may obtain a copy of the License;...","status":null,"uri":null,"name":"HPE - Developer 1.0 - example UEFI deploy - 2017-03-24"}