{"type":"OeBuildPlan","uri":null,"category":null,"eTag":null,"created":null,"modified":null,"buildPlanid":"61cb808b-2684-4926-9546-56a440a6f75f","name":"HPE - Support 1.0 - simple test deployment (UEFI) - 2017-11-29","description":"HPE - Support 1.0 - simple test deployment (UEFI) - 2017-03-24 (c) Copyright 2017 Hewlett Packard Enterprise Development LP. Licensed under the Apache License, Version 2.0 (the \"License\");you may not use this file except in compliance.","status":null,"hpProvided":true,"oeBuildPlanType":"deploy","buildStep":[{"planScriptUri":"/rest/plan-scripts/34bc658e-17f8-4427-a46e-254fd8a43675","serialNumber":"1","parameters":null,"planScriptName":"HPE - Support 1.0 - simple example UEFI personalization script - 2017-03-24"}],"customAttributes":[{"name":"ExampleNumber","description":"Example Number attribute","value":"50","constraints":"{}","type":"number"},{"name":"ExampleOption","description":"Example option attribute","value":"Option1","constraints":"{\"options\":[\"Option1\"]}","type":"option"},{"name":"ExampleString","description":"Example string attribute","value":"Hello World!","constraints":"{\"regex\":\"\",\"helpText\":\"\"}","type":"string"}],"dependentArtifacts":null}