{"type":"OEDeploymentPlan","hpProvided":true,"uri":null,"category":null,"eTag":null,"created":null,"modified":null,"id":"62e798ad-a664-485b-965f-d967788f785d","name":"HPE - Support 1.0 - simple deployment test-2017-11-29","description":"(c) Copyright 2017 Hewlett Packard Enterprise Development LP. Licensed under the Apache License, Version 2.0 (the \"License\");you may not use this file except in compliance with the License.","status":null,"state":null,"goldenImageURI":"HPE - Support 1.0 - UEFI Test Image - 2017-03-24","oeBuildPlanURI":"HPE - Support 1.0 - simple test deployment (UEFI) - 2017-11-29","importMetadata":false,"customAttributes":[{"name":"ExampleString","visible":true,"value":"Hello World!","description":"Example string attribute","type":"string","constraints":"{\"regex\":\"\",\"helpText\":\"\"}","editable":true,"id":"e977ceb3-af11-4907-99a7-24a5732933b3"},{"name":"ExampleNumber","visible":true,"value":"50","description":"Example Number attribute","type":"number","constraints":"{}","editable":true,"id":"fdc5ff71-02ed-46b0-be33-affe3318962c"},{"name":"ExampleOption","visible":true,"value":"Option1","description":"Example option attribute","type":"option","constraints":"{\"options\":[\"Option1\"]}","editable":true,"id":"01a3ee07-a01d-4622-8772-97086bac5617"}]}