{"type":"OEDeploymentPlan","hpProvided":true,"uri":null,"category":null,"eTag":null,"created":null,"modified":null,"id":"6ddcedc5-0a04-43af-b8c3-9b230d0805af","name":"HPE - Support 1.0 - network deployment test-2018-03-29","description":"(c) Copyright 2017 Hewlett Packard Enterprise Development LP. Licensed under the Apache License, Version 2.0 (the \"License\");you may not use this file except in compliance with the License.","status":null,"state":null,"goldenImageURI":"HPE - Support 1.0 - UEFI Test Image - 2017-03-24","oeBuildPlanURI":"HPE - Support 1.0 - network test deployment (UEFI) - 2018-03-29","importMetadata":false,"customAttributes":[{"name":"ExampleOption","visible":true,"value":"Option1","description":"","type":"option","constraints":"{\"options\":[\"Option1\"]}","editable":true,"id":"5953ea2f-753c-4c31-ac77-a9a74928cdf7"},{"name":"ExamplePassword","visible":true,"value":"","description":"","type":"password","constraints":"{\"maxlen\":\"20\"}","editable":true,"id":"9ce1f8b3-868b-4c34-aad9-4813f4aa9037"},{"name":"ExampleNumber","visible":true,"value":"50","description":"","type":"number","constraints":"{}","editable":true,"id":"1fea9723-3a66-4162-95aa-edb47e2de766"},{"name":"ExampleFQDN","visible":true,"value":"","description":"","type":"fqdn","constraints":"{\"helpText\":\"\"}","editable":true,"id":"6798f5a9-b441-4ee4-9280-78b733a45e1d"},{"name":"ExampleUnteamedNIC","visible":true,"value":"","description":"","type":"nic","constraints":"{\"ipv4static\":true,\"ipv4dhcp\":false,\"ipv4disable\":false,\"parameters\":[\"dhcp\",\"dns1\",\"dns2\",\"gateway\",\"ipaddress\",\"mac\",\"netmask\"]}","editable":true,"id":"e1ec60e9-9528-46b4-bfe7-2d4c41fa042f"},{"name":"ExampleString","visible":true,"value":"Hello World!","description":"","type":"string","constraints":"{\"regex\":\"\",\"helpText\":\"\",\"options\":[\"Hello World!\"]}","editable":true,"id":"dcf6fcd8-b6cc-4d8a-8e93-ed7b6cf6540d"},{"name":"ExampleIPv4Address","visible":true,"value":"","description":"","type":"ipv4","constraints":"{\"helpText\":\"\"}","editable":true,"id":"d32d9fa9-a261-4b43-83cb-c1148cfba456"}]}