{"type":"GoldenImage","uri":null,"category":null,"eTag":null,"created":null,"modified":null,"id":"71129af2-15c7-48df-943e-23c4a0ac5e98","name":"HPE - Support 1.0 - UEFI Test Image - 2017-03-24","description":"HPE Golden Image for testing OS Deployment. This Golden Image includes a UEFI System Partition and a GRUB loader having a simple configuration to show a message on the server console at boot. (c) Copyright 2017 Hewlett Packard Enterprise Development LP;","status":null,"size":0,"checkSum":null,"readOnly":true,"importedFromBundle":true,"bundleName":"HPE-Support-Artifacts-2018-03-29-v4.0","bundleURI":"/ci/data/i3s/artifactsbundle/706d9232-043b-4232-9cab-22b975fdca11","artifactBundleCategory":"artifact-bundles","imageCapture":false,"osVolumeURI":null,"osVolumeName":null,"osVolumeCategory":null,"buildPlanUri":null,"buildPlanName":null,"buildPlanCategory":null,"dependentArtifacts":null}