{"type":"OeBuildPlan","uri":null,"category":null,"eTag":null,"created":null,"modified":null,"buildPlanid":"d479b4f7-0c2a-45bc-aac0-80f36f307307","name":"HPE - Support 1.0 - network test deployment (UEFI) - 2018-03-29","description":"HPE - Support 1.0 - network test deployment (UEFI) - 2017-03-24 (c) Copyright 2017 Hewlett Packard Enterprise Development LP. Licensed under the Apache License, Version 2.0 (the \"License\");you may not use this file except in compliance;...","status":null,"hpProvided":true,"oeBuildPlanType":"deploy","buildStep":[{"planScriptUri":"/rest/plan-scripts/f692e309-adf3-486b-8804-54732a87ade2","serialNumber":"1","parameters":null,"planScriptName":"HPE - Support 1.0 - network example UEFI personalization script - 2018-03-29"}],"customAttributes":[{"name":"ExampleUnteamedNIC","description":"","value":"","constraints":"{\"ipv4static\":true,\"ipv4dhcp\":false,\"ipv4disable\":false,\"parameters\":[\"dhcp\",\"dns1\",\"dns2\",\"gateway\",\"ipaddress\",\"mac\",\"netmask\"]}","type":"nic"},{"name":"ExamplePassword","description":"","value":"","constraints":"{\"maxlen\":\"20\"}","type":"password"},{"name":"ExampleNumber","description":"","value":"50","constraints":"{}","type":"number"},{"name":"ExampleOption","description":"","value":"Option1","constraints":"{\"options\":[\"Option1\"]}","type":"option"},{"name":"ExampleString","description":"","value":"Hello World!","constraints":"{\"regex\":\"\",\"helpText\":\"\",\"options\":[\"Hello World!\"]}","type":"string"},{"name":"ExampleFQDN","description":"","value":"","constraints":"{\"helpText\":\"\"}","type":"fqdn"},{"name":"ExampleIPv4Address","description":"","value":"","constraints":"{\"helpText\":\"\"}","type":"ipv4"}],"dependentArtifacts":null}