{"type":"PlanScript","uri":null,"category":null,"eTag":null,"created":null,"modified":null,"id":"f692e309-adf3-486b-8804-54732a87ade2","name":"HPE - Support 1.0 - network example UEFI personalization script - 2018-03-29","description":"Example personalization script for example UEFI Golden Image. This script changes the loader message to include personalization settings from the OS deployment.","status":null,"state":null,"planType":"deploy","content":"# (c) Copyright 2017 Hewlett Packard Enterprise Development LP\n#\n# Licensed under the Apache License, Version 2.0 (the \"License\");\n# you may not use this file except in compliance with the License.\n# You may obtain a copy of the License at #http://www.apache.org/licenses/LICENSE-2.0\n#\n# Unless required by applicable law or agreed to in writing, software distributed\n# under the License is distributed on an \"AS IS\" BASIS, WITHOUT WARRANTIES #OR\n# CONDITIONS OF ANY KIND, either express or implied. See the License for the\n# specific language governing permissions and limitations under the License.\n\n# Example Image Streamer Plan Script for UEFI deployment demo\n\n!echo \"File Systems in Golden Image:\"\nlist-filesystems\n\n!echo \"Mounting File Systems:\"\nmount /dev/sda1 /\n\n!echo \"Personalize message.txt content:\"\n\nupload -<<EOF /EFI/BOOT/message.txt\n\nUEFI loader message.txt has been personalized!\n\necho \"Example log messages:\"\necho \"    ExampleString: @ExampleString:Hello World!@\"\necho \"    ExampleNumber: @ExampleNumber:50@\"\necho \"    ExampleOption: @ExampleOption:Option1@\"\necho \"    ExamplePassword: @ExamplePassword@\"\necho \"    ExampleIPv4Address: @ExampleIPv4Address@\"\necho \"    ExampleFQDN: @ExampleFQDN@\"\n\n# mac is mandatory for unteamed NIC configuration\necho \"Example Unteamed NIC configuration:\"\necho \"    ExampleUnteamedNIC.mac: @ExampleUnteamedNIC.mac@\"\necho \"    ExampleUnteamedNIC.ipaddress: @ExampleUnteamedNIC.ipaddress@\"\necho \"    ExampleUnteamedNIC.netmask: @ExampleUnteamedNIC.netmask@\"\necho \"    ExampleUnteamedNIC.gateway: @ExampleUnteamedNIC.gateway@\"\necho \"    ExampleUnteamedNIC.dns1: @ExampleUnteamedNIC.dns1@\"\necho \"    ExampleUnteamedNIC.dns2: @ExampleUnteamedNIC.dns2@\"\necho \"    ExampleUnteamedNIC.dhcp: @ExampleUnteamedNIC.dhcp@\"\n\nEOF\n\numount /","customAttributes":null,"hpProvided":true,"dependentArtifacts":null}