{"type":"PlanScript","dependentArtifacts":null,"hpProvided":true,"eTag":null,"created":null,"modified":null,"customAttributes":null,"planType":"deploy","description":"Create empty OS Volume - version 1.00\nCreate an empty OS Volume to be the target for OS install.","category":null,"status":null,"uri":null,"name":"HPE - Foundation 1.0 - create empty OS Volume-2017-03-15","id":"1ceb89ee-2811-4afb-9095-20f05513035b","state":null,"content":"# (c) Copyright 2017 Hewlett Packard Enterprise Development LP\n#\n# Licensed under the Apache License, Version 2.0 (the \"License\");\n# you may not use this file except in compliance with the License.\n# You may obtain a copy of the License at http://www.apache.org/licenses/LICENSE-# 2.0\n#\n# Unless required by applicable law or agreed to in writing, software distributed\n# under the License is distributed on an \"AS IS\" BASIS, WITHOUT WARRANTIES OR\n# CONDITIONS OF ANY KIND, either express or implied. See the License for the\n# specific language governing permissions and limitations under the License.\n\necho \"Create empty OS Volume of size @VolumeSize@\" MiB"}