{"type":"OeBuildPlan","dependentArtifacts":null,"customAttributes":[{"constraints":"{\"minimum\":\"1\",\"maximum\":\"40960\",\"unit\":\"MiB\"}","description":"Size of new OS Volume to be created.","name":"VolumeSize","value":"","type":"number"}],"buildStep":[{"planScriptName":"HPE - Foundation 1.0 - create empty OS Volume-2017-03-15","planScriptUri":"/rest/plan-scripts/1ceb89ee-2811-4afb-9095-20f05513035b","parameters":null,"serialNumber":"1"}],"eTag":null,"created":null,"modified":null,"etag":null,"hpProvided":true,"buildPlanid":"3e03e6e8-6843-43e8-a300-8a4239d9ee9d","oeBuildPlanType":"deploy","description":"Create empty OS Volume version 1.00 \nCreate an empty OS Volume to be the target for OS install.","category":null,"status":null,"uri":null,"name":"HPE - Foundation 1.0 - create empty OS Volume-2017-03-15"}