{"type":"PlanScript","dependentArtifacts":null,"hpProvided":false,"eTag":null,"created":null,"modified":null,"customAttributes":null,"planType":"deploy","description":"Add example messages to log - version 1.00\nAdd a example messages to the OS deployment log.","category":null,"status":null,"uri":null,"name":"HPE - Foundation 1.0 - add example messages to log-2017-03-15","id":"51685698-f017-4703-a90b-f5715f19f1fb","state":null,"content":"# (c) Copyright 2017 Hewlett Packard Enterprise Development LP\n#\n# Licensed under the Apache License, Version 2.0 (the \"License\");\n# you may not use this file except in compliance with the License.\n# You may obtain a copy of the License at #http://www.apache.org/licenses/LICENSE-2.0\n#\n# Unless required by applicable law or agreed to in writing, software distributed\n# under the License is distributed on an \"AS IS\" BASIS, WITHOUT WARRANTIES #OR\n# CONDITIONS OF ANY KIND, either express or implied. See the License for the\n# specific language governing permissions and limitations under the License.\n\necho \"Example log messages:\"\necho \"    ExampleString: @ExampleString@\"\necho \"    ExampleConstrainedString: @ExampleConstrainedString@\"\necho \"    ExampleNumber: @ExampleNumber@\"\necho \"    ExampleOption: @ExampleOption@\"\necho \"    ExamplePassword: @ExamplePassword@\"\necho \"    ExampleIPv4Address: @ExampleIPv4Address@\"\necho \"    ExamplePassword: @ExamplePassword@\"\necho \"    ExampleFQDN: @ExampleFQDN@\"\necho \"Example NIC  configuration:\"\necho \"    ExampleNIC.mac: @ExampleNIC.mac@\"\necho \"    ExampleNIC.ipaddress: @ExampleNIC.ipaddress@\"\necho \"    ExampleNIC.netmask: @ExampleNIC.netmask@\"\necho \"    ExampleNIC.gateway: @ExampleNIC.gateway@\"\necho \"    ExampleNIC.dns1: @ExampleNIC.dns1@\"\necho \"    ExampleNIC.dns2: @ExampleNIC.dns2@\"\necho \"    ExampleNIC.dns3: @ExampleNIC.dns3@\"\necho \"    ExampleNIC.domain: @ExampleNIC.domain@\""}