{"type":"OeBuildPlan","dependentArtifacts":null,"customAttributes":[{"constraints":"{\"ipv4static\":false,\"ipv4dhcp\":false,\"ipv4disable\":true,\"parameters\":[\"dns1\",\"dns2\",\"dns3\",\"domain\",\"gateway\",\"ipaddress\",\"mac\",\"netmask\"]}","description":"","name":"ExampleNIC","value":null,"type":"nic"},{"constraints":"{\"regex\":\"\",\"helpText\":\"Example string help\"}","description":"Example string value.","name":"ExampleString","value":"","type":"string"},{"constraints":"{\"minlen\":\"8\",\"maxlen\":\"12\",\"allowedchars\":\"^[A-Za-z0-9!@#$%]+$\"}","description":"Example password. May have upper case, lower case, number, and !@#$% characters. Must have 8 to 12 characters.","name":"ExamplePassword","value":"","type":"password"},{"constraints":"{\"minimum\":\"0\",\"maximum\":\"100\",\"increment\":\"0.1\"}","description":"Example number (in tenths).","name":"ExampleNumber","value":"","type":"number"},{"constraints":"{\"options\":[\"Option 1 (default)\",\"Option 2\",\"Option 3\"]}","description":"Example option setting.","name":"ExampleOption","value":"Option 1 (default)","type":"option"},{"constraints":"{\"helpText\":\"Example FQDN help.\",\"options\":[\"\"]}","description":"Example Fully Qualified Domain Name.","name":"ExampleFQDN","value":"","type":"fqdn"},{"constraints":"{\"regex\":\"[A-Z][a-z]*[0-9]*\",\"helpText\":\"Example string must be of the form \\\"Example123\\\".\"}","description":"Example constrained string.","name":"ExampleConstrainedString","value":"Example123","type":"string"},{"constraints":"{\"ipType\":\"manage-externally\",\"helpText\":\"Example IPv4 address help.\",\"options\":[\"\"]}","description":"Example IPv4 address.","name":"ExampleIPv4Address","value":"","type":"ipv4"}],"buildStep":[{"planScriptName":"HPE - Foundation 1.0 - add example messages to log-2017-03-15","planScriptUri":"/rest/plan-scripts/51685698-f017-4703-a90b-f5715f19f1fb","parameters":null,"serialNumber":"1"}],"eTag":null,"created":null,"modified":null,"etag":null,"hpProvided":false,"buildPlanid":"80949d57-57b3-400c-bbe5-1bc15b555338","oeBuildPlanType":"deploy","description":"","category":null,"status":null,"uri":null,"name":"HPE - Foundation 1.0 - example artifact types-2017-03-15"}