{"type":"OEDeploymentPlan","hpProvided":true,"customAttributes":[{"visible":true,"editable":true,"constraints":"{\"minimum\":\"1\",\"maximum\":\"40960\",\"unit\":\"MiB\"}","description":"Size of new OS Volume to be created.","name":"VolumeSize","value":"","id":"da2b3f87-3df5-4e90-910c-2d8d950bbd6f","type":"number"}],"importMetadata":false,"eTag":null,"created":null,"modified":null,"goldenImageURI":"","oeBuildPlanURI":"HPE - Foundation 1.0 - create empty OS Volume-2017-03-15","description":"Create an empty OS Volume to be the target for OS install","category":null,"status":null,"uri":null,"name":"HPE - Foundation 1.0 - create empty OS Volume-2017-03-15","id":"b062bb8e-6466-48ba-9334-50aa97509cb3","state":null}