{"type":"OEDeploymentPlan","hpProvided":true,"customAttributes":[{"constraints":"{\"minimum\":\"1\",\"maximum\":\"51200\",\"unit\":\"MiB\"}","visible":true,"editable":true,"description":"Size of new OS Volume to be created.","name":"VolumeSize","value":"","id":"c9de9ede-9477-43c5-8fd8-f69c2e23774e","type":"number"}],"importMetadata":false,"eTag":null,"created":null,"modified":null,"goldenImageURI":null,"oeBuildPlanURI":"HPE - Foundation 1.0 - create empty OS Volume-2017-10-13","description":"Create an empty OS Volume to be the target for OS install. (c) Copyright 2017 Hewlett Packard Enterprise Development LP. Licensed under the Apache License, Version 2.0 (the \"License\");..","category":null,"status":null,"uri":null,"name":"HPE - Foundation 1.0 - create empty OS Volume-2017-10-13","id":"3078a850-1870-4321-aa23-ea323a9e54a0","state":null}