{"type":"OeBuildPlan","dependentArtifacts":null,"customAttributes":[],"buildStep":[],"eTag":null,"created":null,"modified":null,"hpProvided":true,"buildPlanid":"41e1aa0a-f184-49dd-ab81-b96a516d6cd5","oeBuildPlanType":"capture","description":"Capture OS Volume as is - version 1.00 Create a new Golden Image from an OS Volume with no generalization changes to the OS Volume content.(c) Copyright 2017 Hewlett Packard Enterprise Development LP. Licensed under the Apache License, Version 2.0;...","category":null,"status":null,"uri":null,"name":"HPE - Foundation 1.0 - capture OS Volume as is-2017-03-24"}