{"type":"OeBuildPlan","dependentArtifacts":null,"customAttributes":[{"constraints":"{\"minimum\":\"1\",\"maximum\":\"51200\",\"unit\":\"MiB\"}","description":"Size of new OS Volume to be created.","name":"VolumeSize","value":"","type":"number"}],"buildStep":[{"planScriptName":"HPE - Foundation 1.0 - create empty OS Volume - 2017-03-24","planScriptUri":"/rest/plan-scripts/a4fd6d18-5833-44c3-8848-a7413dcf8b9f","serialNumber":"1","parameters":null}],"eTag":null,"created":null,"modified":null,"hpProvided":true,"buildPlanid":"81811fac-4cbc-4dd2-9e51-1a4c6d7551ae","oeBuildPlanType":"deploy","description":"Create empty OS Volume version 1.00 Create an empty OS Volume to be the target for OS install.(c) Copyright 2017 Hewlett Packard Enterprise Development LP. Licensed under the Apache License, Version 2.0  (the \"License\");...","category":null,"status":null,"uri":null,"name":"HPE - Foundation 1.0 - create empty OS Volume-2017-10-13"}