{"type":"OeBuildPlan","dependentArtifacts":null,"customAttributes":[],"buildStep":[],"eTag":null,"created":null,"modified":null,"hpProvided":true,"buildPlanid":"85e7b12f-1aa7-42c6-a729-003ce3b4aa17","oeBuildPlanType":"deploy","description":"Deploy Golden Image as is with no personalization changes to the OS Volume.  (c) Copyright 2017 Hewlett Packard Enterprise Development LP. Licensed under the Apache License, Version 2.0 (the \"License\");you may not use this;...","category":null,"status":null,"uri":null,"name":"HPE - Foundation 1.0 - deploy Golden Image as is - 2017-07-19"}