{"type":"PlanScript","dependentArtifacts":null,"hpProvided":true,"eTag":null,"created":null,"modified":null,"customAttributes":null,"planType":"deploy","description":"Fail OS deployment - version 1.00 \nCause OS deployment to fail.","category":null,"status":null,"uri":null,"name":"HPE - Foundation 1.0 - fail OS deployment-2017-03-24","id":"c6567d0c-f379-4847-b070-cfb589324182","state":null,"content":"# (c) Copyright 2017 Hewlett Packard Enterprise Development LP\n#\n# Licensed under the Apache License, Version 2.0 (the \"License\");\n# you may not use this file except in compliance with the License.\n# You may obtain a copy of the License at http://www.apache.org/licenses/LICENSE-#2.0\n#\n# Unless required by applicable law or agreed to in writing, software distributed\n# under the License is distributed on an \"AS IS\" BASIS, WITHOUT WARRANTIES OR\n# CONDITIONS OF ANY KIND, either express or implied. See the License for the\n# specific language governing permissions and limitations under the License.\n\n# This plan script may be used to test failure of OS deployment.\necho \"Intentionally Fail OS Deployment.\"\nIntentionally_Fail_OS_Deployment"}