{"type":"OEDeploymentPlan","hpProvided":false,"customAttributes":[{"constraints":"{}","visible":true,"editable":true,"description":"","name":"ExampleOption","value":"","id":"ea1743c7-b036-4152-a335-de57fc66b34d","type":"string"},{"constraints":"{}","visible":true,"editable":true,"description":"","name":"ExampleNumber2","value":"9999","id":"1a6c206a-923c-4e23-9679-e651a985ec1a","type":"string"},{"constraints":"{}","visible":true,"editable":true,"description":"","name":"ExampleString4","value":"Initial Script Default","id":"d544aafe-4c74-4136-b329-2f8bde1c2cc1","type":"string"},{"constraints":"{}","visible":true,"editable":true,"description":"","name":"ExampleString3","value":"Script Default","id":"9aa282f0-d729-47bc-90ff-5e6e1cb0e9ce","type":"string"},{"constraints":"{}","visible":true,"editable":true,"description":"","name":"ExampleString2","value":"","id":"4007a599-cb3e-45d8-a498-d0ac6e00005d","type":"string"},{"constraints":"{}","visible":true,"editable":true,"description":"","name":"ExampleFQDN","value":"","id":"d02e4870-860d-4353-b76b-7ee5bb0926db","type":"string"},{"constraints":"{}","visible":true,"editable":true,"description":"","name":"ExamplePassword","value":"","id":"01eb82b1-257f-4d88-b64b-8c9c5749d847","type":"string"},{"constraints":"{}","visible":true,"editable":true,"description":"","name":"ExampleString1","value":"","id":"bdfd052a-e502-4ae3-8783-7d38d7d35eb9","type":"string"},{"constraints":"{}","visible":true,"editable":true,"description":"","name":"ExampleNumber1","value":"","id":"e3253fb0-e3c1-4664-b02f-dc1aad4c716c","type":"string"},{"constraints":"{}","visible":true,"editable":true,"description":"","name":"DeploymentTesting","value":"Fail_OS_Deployment","id":"36cac093-ac96-4979-8e38-be63492380b7","type":"string"},{"constraints":"{}","visible":true,"editable":true,"description":"","name":"ExampleIPv4Address","value":"","id":"51faec1f-a047-4fb5-93d2-7490fcd8449f","type":"string"}],"importMetadata":false,"eTag":null,"created":null,"modified":null,"goldenImageURI":"HPE - Developer 1.0 - UEFI Test Image - 2017-03-24","oeBuildPlanURI":"User - Developer 1.0 - example UEFI deploy - 2017-03-24","category":null,"description":"(c) Copyright 2017 Hewlett Packard Enterprise Development LP. Licensed under the Apache License, Version 2.0 (the \"License\");you may not use this file except in compliance with the License.You may obtain a copy of the License;...","status":null,"uri":null,"name":"User - Developer 1.0 - Deployment Test (UEFI) - 2017-03-24","id":"00b228e6-0c6c-4789-b228-4e8c5c440731","state":null}