{"type":"GoldenImage","dependentArtifacts":null,"osVolumeName":null,"checkSum":null,"osVolumeCategory":null,"buildPlanName":null,"buildPlanCategory":null,"imageCapture":false,"osVolumeURI":null,"buildPlanUri":null,"importedFromBundle":true,"bundleName":"HPE-ImageStreamer-Developer-2017-03-24","bundleURI":"/ci/data/i3s/artifactsbundle/d354d910-7cf3-4930-842a-eb8896fde5a0","artifactBundleCategory":"artifact-bundles","readOnly":false,"created":null,"modified":null,"category":null,"description":"HPE Golden Image for testing OS Deployment. This Golden Image includes a UEFI System Partition and a GRUB loader having a simple configuration to show a message on the server console at boot. (c) Copyright 2017 Hewlett Packard Enterprise Development LP;","status":null,"uri":null,"name":"HPE - Developer 1.0 - UEFI Test Image - 2017-03-24","id":"0ad3c2f3-bcc3-4dcd-81ef-c71ca6cfb148","state":null,"size":0,"eTag":null}