{"type":"OeBuildPlan","dependentArtifacts":null,"customAttributes":[],"buildStep":[{"planScriptUri":"/rest/plan-scripts/ae36fc4f-68ef-46b1-8a44-27cb8d7556e8","planScriptName":"User - Developer 1.0 - example UEFI generalization script - 2017-03-24","serialNumber":"1","parameters":null}],"eTag":null,"created":null,"modified":null,"etag":null,"hpProvided":false,"buildPlanid":"251faabb-7c54-425d-bca5-0b07695c608e","oeBuildPlanType":"capture","category":null,"description":"(c) Copyright 2017 Hewlett Packard Enterprise Development LP. Licensed under the Apache License, Version 2.0 (the \"License\");you may not use this file except in compliance with the License.You may obtain a copy of the License;...","status":null,"uri":null,"name":"User - Developer 1.0 - example UEFI capture - 2017-03-24"}