{"type":"OeBuildPlan","dependentArtifacts":null,"customAttributes":[{"constraints":"{}","description":"","name":"ExampleString2","value":"","type":"string"},{"constraints":"{}","description":"","name":"ExampleNumber2","value":"9999","type":"string"},{"constraints":"{}","description":"","name":"ExampleNumber1","value":"","type":"string"},{"constraints":"{}","description":"","name":"ExampleString1","value":"","type":"string"},{"constraints":"{}","description":"","name":"ExamplePassword","value":"","type":"string"},{"constraints":"{}","description":"","name":"ExampleString4","value":"Initial Script Default","type":"string"},{"constraints":"{}","description":"","name":"ExampleString3","value":"Script Default","type":"string"},{"constraints":"{}","description":"","name":"ExampleFQDN","value":"","type":"string"},{"constraints":"{}","description":"","name":"ExampleOption","value":"","type":"string"},{"constraints":"{}","description":"","name":"DeploymentTesting","value":"Fail_OS_Deployment","type":"string"},{"constraints":"{}","description":"","name":"ExampleIPv4Address","value":"","type":"string"}],"buildStep":[{"planScriptUri":"/rest/plan-scripts/ac59f980-0173-461f-a558-69272b10c97c","planScriptName":"User -  Developer 1.0 - example UEFI personalization script - 2017-03-24","serialNumber":"1","parameters":null},{"planScriptUri":"/rest/plan-scripts/68d02ff1-22cb-42e4-8ab2-975198258fe9","planScriptName":"HPE - Developer 1.0 - attempt or fail deployment - 2017-03-24","serialNumber":"2","parameters":null}],"eTag":null,"created":null,"modified":null,"etag":null,"hpProvided":false,"buildPlanid":"61ccf921-662c-4821-bd05-a48086cd00db","oeBuildPlanType":"deploy","category":null,"description":"(c) Copyright 2017 Hewlett Packard Enterprise Development LP. Licensed under the Apache License, Version 2.0 (the \"License\");you may not use this file except in compliance with the License.You may obtain a copy of the License;...","status":null,"uri":null,"name":"User - Developer 1.0 - example UEFI deploy - 2017-03-24"}