{"type":"OEDeploymentPlan","hpProvided":true,"customAttributes":[{"constraints":"{}","visible":true,"editable":true,"description":"","name":"ExampleOption","value":"","id":"068d7349-d418-45e7-9b4e-1f760b917a16","type":"string"},{"constraints":"{}","visible":true,"editable":true,"description":"","name":"ExampleNumber2","value":"9999","id":"9a5ca688-d07c-457e-92c0-63f110a4c79b","type":"string"},{"constraints":"{}","visible":true,"editable":true,"description":"","name":"ExampleString4","value":"Initial Script Default","id":"f8e551fd-ac11-4a25-9384-6e59908b0759","type":"string"},{"constraints":"{}","visible":true,"editable":true,"description":"","name":"ExampleString3","value":"Script Default","id":"346250aa-7a76-42bb-9266-aabc30f17c8b","type":"string"},{"constraints":"{}","visible":true,"editable":true,"description":"","name":"ExampleString2","value":"","id":"1887a69b-4f83-467f-a01d-a80ff1c2cbc2","type":"string"},{"constraints":"{}","visible":true,"editable":true,"description":"","name":"ExampleFQDN","value":"","id":"cf906e71-1e10-48f1-9227-fbe7f68e83f1","type":"string"},{"constraints":"{}","visible":true,"editable":true,"description":"","name":"ExamplePassword","value":"","id":"f091de54-ccf9-4cb2-afa9-a18bd83bfb16","type":"string"},{"constraints":"{}","visible":true,"editable":true,"description":"","name":"ExampleString1","value":"","id":"eb076b69-db63-4e5f-81b4-e7774f03b9a6","type":"string"},{"constraints":"{}","visible":true,"editable":true,"description":"","name":"ExampleNumber1","value":"","id":"9ff51e9b-002b-4fdd-9e2e-6869b589ba32","type":"string"},{"constraints":"{}","visible":true,"editable":true,"description":"","name":"ExampleIPv4Address","value":"","id":"aadef106-1bd5-4d38-a9fa-8a81d24435c6","type":"string"}],"importMetadata":false,"eTag":null,"created":null,"modified":null,"goldenImageURI":"HPE - Developer 1.0 - UEFI Test Image - 2017-03-24","oeBuildPlanURI":"HPE - Developer 1.0 - example UEFI deploy - 2017-03-24","category":null,"description":"(c) Copyright 2017 Hewlett Packard Enterprise Development LP. Licensed under the Apache License, Version 2.0 (the \"License\");you may not use this file except in compliance with the License.You may obtain a copy of the License;...","status":null,"uri":null,"name":"HPE - Developer 1.0 - Deployment Test (UEFI) - 2017-03-24","id":"907a4ce6-dbd5-4a96-a18e-6452252ce403","state":null}