{"type":"OeBuildPlan","dependentArtifacts":null,"customAttributes":[{"constraints":"{\"ipv4static\":true,\"ipv4dhcp\":false,\"ipv4disable\":false,\"parameters\":[\"dns1\",\"dns2\",\"domain\",\"gateway\",\"ipaddress\",\"mac\",\"netmask\"]}","description":"","name":"ExampleNIC","value":"","type":"nic"},{"constraints":"{}","description":"","name":"VolumeSize","value":"","type":"string"},{"constraints":"{}","description":"","name":"ExamplePassword","value":"","type":"string"},{"constraints":"{}","description":"","name":"ExampleString","value":"","type":"string"},{"constraints":"{}","description":"","name":"ExampleNumber","value":"","type":"string"},{"constraints":"{}","description":"","name":"ExampleFQDN","value":"","type":"string"},{"constraints":"{}","description":"","name":"ExampleOption","value":"","type":"string"},{"constraints":"{}","description":"","name":"ExampleConstrainedString","value":"","type":"string"},{"constraints":"{}","description":"","name":"DeploymentTesting","value":"Fail_OS_Deployment","type":"string"},{"constraints":"{}","description":"","name":"ExampleIPv4Address","value":"","type":"string"}],"buildStep":[{"planScriptUri":"/rest/plan-scripts/123444ab-ca50-45fc-ab6b-0fc9fcb638b0","planScriptName":"HPE - Foundation 1.0 - create empty OS Volume - 2017-03-24","serialNumber":"1","parameters":null},{"planScriptUri":"/rest/plan-scripts/68a19d6a-4c09-4e89-8556-36381f88a4ca","planScriptName":"HPE - Developer 1.0 - add example messages to log - 2017-03-24","serialNumber":"2","parameters":null},{"planScriptUri":"/rest/plan-scripts/68d02ff1-22cb-42e4-8ab2-975198258fe9","planScriptName":"HPE - Developer 1.0 - attempt or fail deployment - 2017-03-24","serialNumber":"3","parameters":null}],"eTag":null,"created":null,"modified":null,"etag":null,"hpProvided":true,"buildPlanid":"c0bb828c-cc4c-4b9a-a250-eedf14dbb229","oeBuildPlanType":"deploy","category":null,"description":"(c) Copyright 2017 Hewlett Packard Enterprise Development LP. Licensed under the Apache License, Version 2.0 (the \"License\");you may not use this file except in compliance with the License.You may obtain a copy of the License;...","status":null,"uri":null,"name":"HPE - Developer 1.0 - example attribute types - 2017-03-24"}