{"type":"OeBuildPlan","dependentArtifacts":null,"customAttributes":[],"buildStep":[{"planScriptUri":"/rest/plan-scripts/27f43cf4-b28c-48eb-b382-f24b9cf100e9","planScriptName":"HPE - Developer 1.0 - example UEFI generalization script - 2017-03-24","serialNumber":"1","parameters":null}],"eTag":null,"created":null,"modified":null,"etag":null,"hpProvided":true,"buildPlanid":"ce095aab-fc3a-4c76-a23f-ba06c64b8f96","oeBuildPlanType":"capture","category":null,"description":"(c) Copyright 2017 Hewlett Packard Enterprise Development LP. Licensed under the Apache License, Version 2.0 (the \"License\");you may not use this file except in compliance with the License.You may obtain a copy of the License;...","status":null,"uri":null,"name":"HPE - Developer 1.0 - example UEFI capture - 2017-03-24"}