{"type":"OeBuildPlan","dependentArtifacts":null,"customAttributes":[],"buildStep":[],"eTag":null,"created":null,"modified":null,"hpProvided":true,"etag":null,"buildPlanid":"3907ff52-eee9-4c61-ae25-6cc86a6047bf","oeBuildPlanType":"capture","category":null,"description":"Capture OS Volume as is - version 1.00 Create a new Golden Image from an OS Volume with no generalization changes to the OS Volume content.(c) Copyright 2017 Hewlett Packard Enterprise Development LP. Licensed under the Apache License, Version 2.0;...","uri":null,"status":null,"name":"HPE - Foundation 1.0 - capture OS Volume as is-2017-03-24"}