{"type":"OEDeploymentPlan","hpProvided":true,"customAttributes":[{"visible":true,"constraints":"{\"minimum\":\"1\",\"maximum\":\"40960\",\"unit\":\"MiB\"}","editable":true,"description":"Size of new OS Volume to be created.","name":"VolumeSize","value":"","id":"bad997c5-f29c-4ac1-a196-f0fae451a849","type":"number"}],"importMetadata":false,"eTag":null,"created":null,"modified":null,"goldenImageURI":"","oeBuildPlanURI":"HPE - Foundation 1.0 - create empty OS Volume-2017-03-24","category":null,"description":"Create an empty OS Volume to be the target for OS install. (c) Copyright 2017 Hewlett Packard Enterprise Development LP. Licensed under the Apache License, Version 2.0  (the \"License\");...","uri":null,"status":null,"name":"HPE - Foundation 1.0 - create empty OS Volume-2017-03-24","id":"6bed1a67-ed16-42d5-953c-aec6203d62b4","state":null}