{"type":"OeBuildPlan","dependentArtifacts":null,"customAttributes":[],"buildStep":[],"eTag":null,"created":null,"modified":null,"hpProvided":true,"etag":null,"buildPlanid":"fa86eb9b-0140-4bfa-9ac1-d2a455e76aee","oeBuildPlanType":"deploy","category":null,"description":"Deploy Golden Image as is with no personalization changes to the OS Volume.  (c) Copyright 2017 Hewlett Packard Enterprise Development LP. Licensed under the Apache License, Version 2.0 (the \"License\");you may not use this;...","uri":null,"status":null,"name":"HPE - Foundation 1.0 - deploy Golden Image as is - 2017-07-19"}