{"type":"OeBuildPlan","dependentArtifacts":null,"customAttributes":[{"constraints":"{}","description":"","name":"ExampleString","value":"Hello World!","type":"string"},{"constraints":"{\"minimum\":\"0\",\"maximum\":\"100\",\"increment\":\"5\",\"unit\":\"percent\"}","description":"","name":"ExampleNumber","value":"50","type":"number"},{"constraints":"{\"options\":[\"Option1\",\"Option2\",\"Option3\"]}","description":"","name":"ExampleOption","value":"Option1","type":"option"}],"buildStep":[{"planScriptName":"HPE - Support 1.0 - simple example UEFI personalization script - 2017-03-15","planScriptUri":"/rest/plan-scripts/ce3a0e71-617c-4c61-bb1d-643ed76994ac","parameters":null,"serialNumber":"1"}],"eTag":null,"created":null,"modified":null,"etag":null,"hpProvided":true,"buildPlanid":"224c118a-8f26-43ef-8660-772ee1c37ee3","oeBuildPlanType":"deploy","description":"HPE - Support 1.0 - simple test deployment (UEFI) - 207-03-15","category":null,"status":null,"uri":null,"name":"HPE - Support 1.0 - simple test deployment (UEFI) - 2017-03-15"}