{"type":"GoldenImage","dependentArtifacts":null,"osVolumeName":null,"osVolumeCategory":null,"buildPlanName":null,"buildPlanCategory":null,"imageCapture":false,"osVolumeURI":null,"buildPlanUri":null,"checkSum":null,"importedFromBundle":true,"bundleName":"HPE-Support-Artifacts-2017-03-15","bundleURI":"/ci/data/i3s/artifactsbundle/df764417-2cdb-491f-b3df-4d073aadaf2d","artifactBundleCategory":"artifact-bundles","readOnly":true,"created":null,"modified":null,"description":"HPE Golden Image for testing OS Deployment.\nThis Golden Image includes a UEFI System Partition and a GRUB loader having a simple configuration to show a message on the server console at boot.","category":null,"status":null,"uri":null,"name":"HPE - Support 1.0 - UEFI Test Image - 2016-11-17","id":"317b551b-3e9b-483a-9474-4f14a093bca0","state":null,"size":0,"eTag":null}