{"type":"OEDeploymentPlan","hpProvided":true,"customAttributes":[{"visible":true,"editable":true,"constraints":"{\"options\":[\"Option1\",\"Option2\",\"Option3\"]}","description":"","name":"ExampleOption","value":"Option1","id":"d73af444-35c9-49da-9b77-805f411ee4bd","type":"option"},{"visible":true,"editable":true,"constraints":"{}","description":"","name":"ExampleString","value":"Hello World!","id":"bb963b3a-6cfb-41be-ac46-1fc2af3e138d","type":"string"},{"visible":true,"editable":true,"constraints":"{\"minimum\":\"0\",\"maximum\":\"100\",\"increment\":\"5\",\"unit\":\"percent\"}","description":"","name":"ExampleNumber","value":"50","id":"8972709a-ea41-4a3c-9466-c05a986a468a","type":"number"}],"importMetadata":false,"eTag":null,"created":null,"modified":null,"goldenImageURI":"HPE - Support 1.0 - UEFI Test Image - 2016-11-17","oeBuildPlanURI":"HPE - Support 1.0 - simple test deployment (UEFI) - 2017-03-15","description":"","category":null,"status":null,"uri":null,"name":"HPE - Support 1.0 - simple deployment test-2017-03-15","id":"40e42f0d-3a58-4565-abdf-1ac392cef26d","state":null}