{"type":"OEDeploymentPlan","hpProvided":true,"customAttributes":[{"visible":true,"editable":true,"constraints":"{\"options\":[\"Option1\",\"Option2\",\"Option3\"]}","description":"","name":"ExampleOption","value":"Option1","id":"7f949d6e-a89c-4dd7-98ee-58a9e5d44839","type":"option"},{"visible":true,"editable":true,"constraints":"{\"ipv4static\":true,\"ipv4dhcp\":false,\"parameters\":[\"dns1\",\"dns2\",\"gateway\",\"ipaddress\",\"netmask\"]}","description":"","name":"NIC1","value":"","id":"8e2e91d1-50c4-484c-9943-7064b03b930a","type":"nic"},{"visible":true,"editable":true,"constraints":"{\"ipv4static\":true,\"ipv4dhcp\":false,\"parameters\":[\"dns1\",\"dns2\",\"gateway\",\"ipaddress\",\"netmask\"]}","description":"","name":"NIC2","value":"","id":"1a11da91-1cf5-4475-9164-cbf54f6a25ea","type":"nic"},{"visible":true,"editable":true,"constraints":"{}","description":"","name":"ExampleString","value":"Hello World!","id":"5ef7387a-a79d-4343-a9f5-40967c4902ea","type":"string"},{"visible":true,"editable":true,"constraints":"{\"minimum\":\"0\",\"maximum\":\"100\",\"increment\":\"5\",\"unit\":\"percent\"}","description":"","name":"ExampleNumber","value":"50","id":"68315536-a9d7-4b73-a042-23e678cc02e6","type":"number"}],"importMetadata":false,"eTag":null,"created":null,"modified":null,"goldenImageURI":"HPE - Support 1.0 - UEFI Test Image - 2016-11-17","oeBuildPlanURI":"HPE - Support 1.0 - network test deployment (UEFI) - 2017-03-15","description":"","category":null,"status":null,"uri":null,"name":"HPE - Support 1.0 - network deployment test-2017-03-15","id":"6d7db52c-b36c-4b12-bf6c-afc89fe43059","state":null}