{"type":"OeBuildPlan","dependentArtifacts":null,"customAttributes":[{"constraints":"{}","description":"","name":"ExampleString","value":"Hello World!","type":"string"},{"constraints":"{\"ipv4static\":true,\"ipv4dhcp\":false,\"parameters\":[\"dns1\",\"dns2\",\"gateway\",\"ipaddress\",\"netmask\"]}","description":"","name":"NIC1","value":"","type":"nic"},{"constraints":"{\"minimum\":\"0\",\"maximum\":\"100\",\"increment\":\"5\",\"unit\":\"percent\"}","description":"","name":"ExampleNumber","value":"50","type":"number"},{"constraints":"{\"ipv4static\":true,\"ipv4dhcp\":false,\"parameters\":[\"dns1\",\"dns2\",\"gateway\",\"ipaddress\",\"netmask\"]}","description":"","name":"NIC2","value":"","type":"nic"},{"constraints":"{\"options\":[\"Option1\",\"Option2\",\"Option3\"]}","description":"","name":"ExampleOption","value":"Option1","type":"option"}],"buildStep":[{"planScriptName":"HPE - Support 1.0 - network example UEFI personalization script - 2017-03-15","planScriptUri":"/rest/plan-scripts/16f85627-513e-4d30-8829-5e42e6dcc7f1","parameters":null,"serialNumber":"1"}],"eTag":null,"created":null,"modified":null,"etag":null,"hpProvided":true,"buildPlanid":"91c31a08-76ad-4ce4-b7ca-82cd8741f179","oeBuildPlanType":"deploy","description":"HPE - Support 1.0 - network test deployment (UEFI) - 2017-03-15","category":null,"status":null,"uri":null,"name":"HPE - Support 1.0 - network test deployment (UEFI) - 2017-03-15"}