{"type":"OEDeploymentPlan","hpProvided":true,"customAttributes":[{"constraints":"{}","visible":true,"editable":true,"description":"","name":"ExampleNumber","value":"50","id":"50142fd3-47f0-4ffc-9731-98af85895c0e","type":"string"},{"constraints":"{}","visible":true,"editable":true,"description":"","name":"ExampleOption","value":"Option1","id":"7d4e3559-be3d-402d-adc3-e10d81fb7ebe","type":"string"},{"constraints":"{}","visible":true,"editable":true,"description":"","name":"ExampleString","value":"Hello World!","id":"7390fff1-95e8-4037-b816-b6d8bea31f2d","type":"string"}],"importMetadata":false,"eTag":null,"created":null,"modified":null,"goldenImageURI":"HPE - Support 1.0 - UEFI Test Image - 2017-03-24","oeBuildPlanURI":"HPE - Support 1.0 - simple test deployment (UEFI) - 2017-03-24","category":null,"description":"(c) Copyright 2017 Hewlett Packard Enterprise Development LP. Licensed under the Apache License, Version 2.0 (the \"License\");you may not use this file except in compliance with the License;...","status":null,"uri":null,"name":"HPE - Support 1.0 - simple deployment test-2017-03-24","id":"06a0281d-dc92-4d76-9054-b785d80feb5f","state":null}