{"type":"PlanScript","dependentArtifacts":null,"hpProvided":true,"eTag":null,"created":null,"modified":null,"customAttributes":null,"planType":"deploy","category":null,"description":"Example personalization script for example UEFI Golden Image. This script changes the loader message to include personalization settings from the OS deployment.","status":null,"uri":null,"name":"HPE - Support 1.0 - network example UEFI personalization script - 2017-03-24","id":"711a0ab8-4d95-46d9-8d0a-b25a8dde92c6","state":null,"content":"# (c) Copyright 2017 Hewlett Packard Enterprise Development LP\n#\n# Licensed under the Apache License, Version 2.0 (the \"License\");\n# you may not use this file except in compliance with the License.\n# You may obtain a copy of the License at #http://www.apache.org/licenses/LICENSE-2.0\n#\n# Unless required by applicable law or agreed to in writing, software distributed\n# under the License is distributed on an \"AS IS\" BASIS, WITHOUT WARRANTIES #OR\n# CONDITIONS OF ANY KIND, either express or implied. See the License for the\n# specific language governing permissions and limitations under the License.\n\n# Example Image Streamer Plan Script for UEFI deployment demo\n\n!echo \"File Systems in Golden Image:\"\nlist-filesystems\n\n!echo \"Mounting File Systems:\"\nmount /dev/sda1 /\n\n!echo \"Personalize message.txt content:\"\n\nupload -<<EOF /EFI/BOOT/message.txt\n\nUEFI loader message.txt has been personalized!\n\nExample attributes and values:\n    ExampleString: @ExampleString:Hello World!@\n    ExampleNumber: @ExampleNumber:50@\n    ExampleOption: @ExampleOption:Option1@\n\n    NIC1: @NIC1.ipaddress@\n    NIC1: @NIC1.netmask@\n    NIC1: @NIC1.gateway@\n    NIC1: @NIC1.dns1@\n    NIC1: @NIC1.dns2@\n\n    NIC2: @NIC2.ipaddress@\n    NIC2: @NIC2.netmask@\n    NIC2: @NIC2.gateway@\n    NIC2: @NIC2.dns1@\n    NIC2: @NIC2.dns2@\n\nEOF\n\numount /"}