{"type":"OEDeploymentPlan","hpProvided":true,"customAttributes":[{"constraints":"{\"ipv4static\":true,\"ipv4dhcp\":true,\"ipv4disable\":false,\"parameters\":[\"dns1\",\"dns2\",\"gateway\",\"ipaddress\",\"netmask\"]}","visible":true,"editable":true,"description":"","name":"NIC2","value":null,"id":"e0d2d951-c119-41f2-95c0-140ce6c06e59","type":"nic"},{"constraints":"{}","visible":true,"editable":true,"description":"","name":"ExampleNumber","value":"50","id":"aee168f2-e422-47e6-95f4-260741c6127f","type":"string"},{"constraints":"{\"ipv4static\":true,\"ipv4dhcp\":true,\"ipv4disable\":false,\"parameters\":[\"dns1\",\"dns2\",\"gateway\",\"ipaddress\",\"netmask\"],\"options\":[null]}","visible":true,"editable":true,"description":"","name":"NIC1","value":null,"id":"6a5c858f-1500-475a-8714-506840d1f86a","type":"nic"},{"constraints":"{}","visible":true,"editable":true,"description":"","name":"ExampleOption","value":"Option1","id":"7a819e1d-f313-4e06-b2f4-86c524a0964c","type":"string"},{"constraints":"{}","visible":true,"editable":true,"description":"","name":"ExampleString","value":"Hello World!","id":"ecc78700-1502-43fd-9639-afb2de3b0078","type":"string"}],"importMetadata":false,"eTag":null,"created":null,"modified":null,"goldenImageURI":"HPE - Support 1.0 - UEFI Test Image - 2017-03-24","oeBuildPlanURI":"HPE - Support 1.0 - network test deployment (UEFI) - 2017-03-24","category":null,"description":"(c) Copyright 2017 Hewlett Packard Enterprise Development LP. Licensed under the Apache License, Version 2.0 (the \"License\");you may not use this file except in compliance with the License.You may obtain a copy of the License;...","status":null,"uri":null,"name":"HPE - Support 1.0 - network deployment test-2017-03-24","id":"81541936-0776-4feb-ab9f-b8d2d59bff33","state":null}