{"type":"OeBuildPlan","dependentArtifacts":null,"customAttributes":[{"constraints":"{}","description":"","name":"ExampleString","value":"Hello World!","type":"string"},{"constraints":"{\"ipv4static\":true,\"ipv4dhcp\":true,\"ipv4disable\":false,\"parameters\":[\"dns1\",\"dns2\",\"gateway\",\"ipaddress\",\"netmask\"],\"options\":[null]}","description":"","name":"NIC1","value":null,"type":"nic"},{"constraints":"{}","description":"","name":"ExampleNumber","value":"50","type":"string"},{"constraints":"{\"ipv4static\":true,\"ipv4dhcp\":true,\"ipv4disable\":false,\"parameters\":[\"dns1\",\"dns2\",\"gateway\",\"ipaddress\",\"netmask\"]}","description":"","name":"NIC2","value":null,"type":"nic"},{"constraints":"{}","description":"","name":"ExampleOption","value":"Option1","type":"string"}],"buildStep":[{"planScriptUri":"/rest/plan-scripts/711a0ab8-4d95-46d9-8d0a-b25a8dde92c6","planScriptName":"HPE - Support 1.0 - network example UEFI personalization script - 2017-03-24","serialNumber":"1","parameters":null}],"eTag":null,"created":null,"modified":null,"etag":null,"hpProvided":true,"buildPlanid":"a07bd729-d434-4020-b5ad-25ef68c79fd0","oeBuildPlanType":"deploy","category":null,"description":"HPE - Support 1.0 - network test deployment (UEFI) - 2017-03-24 (c) Copyright 2017 Hewlett Packard Enterprise Development LP. Licensed under the Apache License, Version 2.0 (the \"License\");you may not use this file except in compliance;...","status":null,"uri":null,"name":"HPE - Support 1.0 - network test deployment (UEFI) - 2017-03-24"}