{"type":"OeBuildPlan","dependentArtifacts":null,"customAttributes":[{"constraints":"{}","description":"","name":"ExampleString","value":"Hello World!","type":"string"},{"constraints":"{}","description":"","name":"ExampleNumber","value":"50","type":"string"},{"constraints":"{}","description":"","name":"ExampleOption","value":"Option1","type":"string"}],"buildStep":[{"planScriptUri":"/rest/plan-scripts/1f752a5e-e56b-415a-9dfc-313c45fd3f9e","planScriptName":"HPE - Support 1.0 - simple example UEFI personalization script - 2017-03-24","serialNumber":"1","parameters":null}],"eTag":null,"created":null,"modified":null,"etag":null,"hpProvided":true,"buildPlanid":"a4afd094-ff36-4bf2-9f14-75ecc6085ba0","oeBuildPlanType":"deploy","category":null,"description":"HPE - Support 1.0 - simple test deployment (UEFI) - 2017-03-24 (c) Copyright 2017 Hewlett Packard Enterprise Development LP. Licensed under the Apache License, Version 2.0 (the \"License\");you may not use this file except in compliance;...","status":null,"uri":null,"name":"HPE - Support 1.0 - simple test deployment (UEFI) - 2017-03-24"}