{"type":"GoldenImage","dependentArtifacts":null,"osVolumeName":null,"checkSum":null,"osVolumeCategory":null,"buildPlanName":null,"buildPlanCategory":null,"imageCapture":false,"osVolumeURI":null,"buildPlanUri":null,"importedFromBundle":true,"bundleName":"HPE-Support-Artifacts-2017-03-24","bundleURI":"/ci/data/i3s/artifactsbundle/ce899223-75d6-4dae-b7d8-ac9c0a1d6f3a","artifactBundleCategory":"artifact-bundles","readOnly":true,"created":null,"modified":null,"category":null,"description":"HPE Golden Image for testing OS Deployment. This Golden Image includes a UEFI System Partition and a GRUB loader having a simple configuration to show a message on the server console at boot. (c) Copyright 2017 Hewlett Packard Enterprise Development LP;","status":null,"uri":null,"name":"HPE - Support 1.0 - UEFI Test Image - 2017-03-24","id":"b5f1d060-41a1-4002-9a8e-a0143cf34dac","state":null,"size":0,"eTag":null}