{"type":"OeBuildPlan","dependentArtifacts":null,"customAttributes":[],"buildStep":[],"eTag":null,"created":null,"modified":null,"etag":null,"hpProvided":true,"buildPlanid":"21a77305-2bf3-4045-9997-d205c4a27523","oeBuildPlanType":"capture","description":"Capture OS Volume as is - version 1.00 Create a new Golden Image from an OS Volume with no generalization changes to the OS Volume content.(c) Copyright 2017 Hewlett Packard Enterprise Development LP. Licensed under the Apache License, Version 2.0;...","category":null,"status":null,"uri":null,"name":"HPE - Foundation 1.0 - capture OS Volume as is-2017-03-24"}