{"type":"OEDeploymentPlan","hpProvided":true,"customAttributes":[{"editable":true,"constraints":"{\"minimum\":\"1\",\"maximum\":\"51200\",\"unit\":\"MiB\"}","visible":true,"description":"Size of new OS Volume to be created.","name":"VolumeSize","value":"","id":"bd664d29-7c35-4aac-b8a9-a453c0f2c007","type":"number"}],"importMetadata":false,"eTag":null,"created":null,"modified":null,"goldenImageURI":"","oeBuildPlanURI":"HPE - Foundation 1.0 - create empty OS Volume-2017-10-13","description":"Create an empty OS Volume to be the target for OS install. (c) Copyright 2017 Hewlett Packard Enterprise Development LP. Licensed under the Apache License, Version 2.0 (the \"License\");..","category":null,"status":null,"uri":null,"name":"HPE - Foundation 1.0 - create empty OS Volume-2017-10-13","id":"94f5df35-2ede-4dba-bb19-ae699c63b268","state":null}