{"type":"OEDeploymentPlan","hpProvided":true,"customAttributes":[{"visible":true,"editable":true,"constraints":"{}","description":"","name":"ExampleString3","value":"Script Default","id":"a6fc13c6-8317-4e48-b68a-7bf7f1b52eb1","type":"string"},{"visible":true,"editable":true,"constraints":"{\"minimum\":\"1\",\"maximum\":\"10000\"}","description":"","name":"ExampleNumber2","value":"9999","id":"d606ab0b-83a5-4426-9cd7-7757dc92e1d4","type":"number"},{"visible":true,"editable":true,"constraints":"{\"minimum\":\"10\",\"maximum\":\"100\",\"increment\":\"10\",\"unit\":\"Centi-Units\"}","description":"","name":"ExampleNumber1","value":"50","id":"7f18d534-619d-4fa3-a9d6-eaf28e7b9a87","type":"number"},{"visible":true,"editable":true,"constraints":"{}","description":"","name":"ExampleString1","value":"","id":"b70f43b2-6b7b-4571-98f2-49b2a08b9f06","type":"string"},{"visible":true,"editable":true,"constraints":"{\"maxlen\":\"10\"}","description":"","name":"ExamplePassword","value":"","id":"f3437718-66b9-4bc3-9f17-1a4385735b5c","type":"password"},{"visible":true,"editable":true,"constraints":"{\"options\":[\"Option 1\",\"Option 2\",\"Option 3\"]}","description":"","name":"ExampleOption","value":"Option 1","id":"718becc9-c7ef-40f8-a433-84bf2983d58e","type":"option"},{"visible":true,"editable":true,"constraints":"{\"regex\":\"\",\"helpText\":\"\"}","description":"","name":"ExampleString4","value":"Build Plan Override","id":"5b63ff12-7ac6-4659-8a19-9063833a9b21","type":"string"},{"visible":true,"editable":true,"constraints":"{\"regex\":\"\",\"helpText\":\"\"}","description":"","name":"ExampleString2","value":"Build Plan Default","id":"51d8ffb7-34ae-43be-88ea-dcb89d2e244e","type":"string"},{"visible":true,"editable":true,"constraints":"{\"helpText\":\"\"}","description":"","name":"ExampleFQDN","value":"example.com","id":"5d343b80-05bc-4123-a01d-a4429095394e","type":"fqdn"},{"visible":true,"editable":true,"constraints":"{\"ipType\":\"manage-externally\",\"helpText\":\"\"}","description":"","name":"ExampleIPv4Address","value":"10.1.2.3","id":"8a740b2c-9068-4e05-ae25-d926f91b7c1c","type":"ipv4"}],"importMetadata":false,"eTag":null,"created":null,"modified":null,"goldenImageURI":"HPE - Developer 1.0 - UEFI Test Image - v1.00","oeBuildPlanURI":"HPE - Developer 1.0 - example UEFI deploy - 2017-03-17","description":"","category":null,"status":null,"uri":null,"name":"HPE - Developer 1.0 - Deployment Test (UEFI) - 2017-03-17","id":"526419c8-80c1-4a4b-96e4-56453dd148c6","state":null}