{"type":"OeBuildPlan","dependentArtifacts":null,"customAttributes":[],"buildStep":[{"planScriptName":"HPE - Developer 1.0 - example UEFI generalization script - 2017-03-17","planScriptUri":"/rest/plan-scripts/9de8c9e1-42ca-43f4-8930-aedc272b0cf4","parameters":null,"serialNumber":"1"}],"eTag":null,"created":null,"modified":null,"etag":null,"hpProvided":true,"buildPlanid":"54c31829-1672-4b4c-9b0b-9d71924f1515","oeBuildPlanType":"capture","description":"","category":null,"status":null,"uri":null,"name":"HPE - Developer 1.0 - example UEFI capture - 2017-03-17"}