{"type":"OeBuildPlan","dependentArtifacts":null,"customAttributes":[{"constraints":"{\"regex\":\"\",\"helpText\":\"\"}","description":"","name":"ExampleString2","value":"Build Plan Default","type":"string"},{"constraints":"{\"minimum\":\"1\",\"maximum\":\"10000\"}","description":"","name":"ExampleNumber2","value":"9999","type":"number"},{"constraints":"{\"minimum\":\"10\",\"maximum\":\"100\",\"increment\":\"10\",\"unit\":\"Centi-Units\"}","description":"","name":"ExampleNumber1","value":"50","type":"number"},{"constraints":"{}","description":"","name":"ExampleString1","value":"","type":"string"},{"constraints":"{\"maxlen\":\"10\"}","description":"","name":"ExamplePassword","value":"","type":"password"},{"constraints":"{\"regex\":\"\",\"helpText\":\"\"}","description":"","name":"ExampleString4","value":"Build Plan Override","type":"string"},{"constraints":"{}","description":"","name":"ExampleString3","value":"Script Default","type":"string"},{"constraints":"{\"helpText\":\"\"}","description":"","name":"ExampleFQDN","value":"example.com","type":"fqdn"},{"constraints":"{\"options\":[\"Option 1\",\"Option 2\",\"Option 3\"]}","description":"","name":"ExampleOption","value":"Option 1","type":"option"},{"constraints":"{\"ipType\":\"manage-externally\",\"helpText\":\"\"}","description":"","name":"ExampleIPv4Address","value":"10.1.2.3","type":"ipv4"}],"buildStep":[{"planScriptName":"HPE - Developer 1.0 - example UEFI personalization script - 2017-03-17","planScriptUri":"/rest/plan-scripts/9a8f6672-ba35-4378-9f2c-e241b5be916c","parameters":null,"serialNumber":"1"}],"eTag":null,"created":null,"modified":null,"etag":null,"hpProvided":true,"buildPlanid":"911f98bc-5ec0-4f23-991c-98e1cf291333","oeBuildPlanType":"deploy","description":"","category":null,"status":null,"uri":null,"name":"HPE - Developer 1.0 - example UEFI deploy - 2017-03-17"}