{"type":"GoldenImage","dependentArtifacts":null,"osVolumeName":null,"osVolumeCategory":null,"buildPlanName":null,"buildPlanCategory":null,"imageCapture":false,"osVolumeURI":null,"buildPlanUri":null,"checkSum":null,"importedFromBundle":true,"bundleName":"HPE-ImageStreamer-Developer-2017-03-17","bundleURI":"/ci/data/i3s/artifactsbundle/0e39bbc8-e429-4a5d-a362-2b030e8580e0","artifactBundleCategory":"artifact-bundles","readOnly":true,"created":null,"modified":null,"description":"HPE Golden Image for testing OS Deployment.\nThis Golden Image includes a UEFI System Partition and a GRUB loader having a simple configuration to show a message on the server console at boot.","category":null,"status":null,"uri":null,"name":"HPE - Developer 1.0 - UEFI Test Image - v1.00","id":"a3eb9f00-8a83-45f7-be13-e8fea0c64b91","state":null,"size":0,"eTag":null}