{"type":"OEDeploymentPlan","hpProvided":false,"customAttributes":[{"visible":true,"editable":true,"constraints":"{\"minimum\":\"1\",\"maximum\":\"100\",\"increment\":\"10\",\"unit\":\"Centi-Units\"}","description":"","name":"ExampleNumber1","value":"50","id":"8340b5ea-eaa1-4b6d-9c1b-22f6497d75b8","type":"number"},{"visible":true,"editable":true,"constraints":"{}","description":"","name":"ExampleString1","value":"Deployment Plan Default","id":"054c434c-c57a-4d15-8363-96718373b4d1","type":"string"},{"visible":false,"editable":true,"constraints":"{\"maxlen\":\"10\"}","description":"","name":"ExamplePassword","value":"Secret","id":"6644b527-3c86-477d-a8c5-07178127f4de","type":"password"},{"visible":true,"editable":true,"constraints":"{}","description":"","name":"ExampleString3","value":"Script Default","id":"2556d523-c425-4973-8bf7-ae708804ce51","type":"string"},{"visible":true,"editable":true,"constraints":"{\"minimum\":\"1\",\"maximum\":\"10000\"}","description":"","name":"ExampleNumber2","value":"9999","id":"6a7707fb-5d6a-4fcb-a417-ca428a7f36de","type":"number"},{"visible":true,"editable":true,"constraints":"{\"options\":[\"Option 1\",\"Option 2\",\"Option 3\"]}","description":"","name":"ExampleOption","value":"Option 1","id":"fa28a54c-cfc2-4004-b880-69eb2281c09a","type":"option"},{"visible":true,"editable":true,"constraints":"{\"regex\":\"\",\"helpText\":\"\"}","description":"","name":"ExampleString4","value":"Build Plan Override","id":"9dd2d7f8-5563-40a8-9001-6f36fa129ccb","type":"string"},{"visible":true,"editable":true,"constraints":"{\"regex\":\"\",\"helpText\":\"\"}","description":"","name":"ExampleString2","value":"Build Plan Default","id":"34844af9-0d58-451e-8209-3f5f889b9f5c","type":"string"},{"visible":true,"editable":true,"constraints":"{\"options\":[\"Fail_OS_Deployment\",\"#Attempt_OS_Deployment\"]}","description":"","name":"DeploymentTesting","value":"#Attempt_OS_Deployment","id":"b652574a-3b85-4880-ae40-b4f12325f055","type":"option"},{"visible":true,"editable":true,"constraints":"{\"helpText\":\"\"}","description":"","name":"ExampleFQDN","value":"example.com","id":"5c5406f8-27a4-4e12-b64e-61c7bb8e4e48","type":"fqdn"},{"visible":true,"editable":true,"constraints":"{\"ipType\":\"manage-externally\",\"helpText\":\"\"}","description":"","name":"ExampleIPv4Address","value":"10.1.2.3","id":"259d0b71-46d9-407d-9954-df6c831016f3","type":"ipv4"}],"importMetadata":false,"eTag":null,"created":null,"modified":null,"goldenImageURI":"HPE - Developer 1.0 - UEFI Test Image - v1.00","oeBuildPlanURI":"User - Developer 1.0 - example UEFI deploy - 2017-03-17","description":"","category":null,"status":null,"uri":null,"name":"User - Developer 1.0 - Deployment Test (UEFI)","id":"c29d9699-1743-45f9-a5f4-d93b014d4718","state":null}