{"type":"OeBuildPlan","dependentArtifacts":null,"customAttributes":[],"buildStep":[{"planScriptName":"User - Developer 1.0 - example UEFI generalization script - 2017-03-17","planScriptUri":"/rest/plan-scripts/839f8822-9087-4c3f-be93-8704b2e97fd7","parameters":null,"serialNumber":"1"}],"eTag":null,"created":null,"modified":null,"etag":null,"hpProvided":false,"buildPlanid":"cece7a39-494c-4689-a4c2-a867baf21d7b","oeBuildPlanType":"capture","description":"","category":null,"status":null,"uri":null,"name":"User - Developer 1.0 - example UEFI capture - 2017-03-17"}