{"type":"OeBuildPlan","dependentArtifacts":null,"customAttributes":[{"constraints":"{\"minimum\":\"1\",\"maximum\":\"10000\"}","description":"","name":"ExampleNumber2","value":"9999","type":"number"},{"constraints":"{\"regex\":\"\",\"helpText\":\"\"}","description":"","name":"ExampleString2","value":"Build Plan Default","type":"string"},{"constraints":"{}","description":"","name":"ExampleString1","value":"","type":"string"},{"constraints":"{\"minimum\":\"1\",\"maximum\":\"100\",\"increment\":\"10\",\"unit\":\"Centi-Units\"}","description":"","name":"ExampleNumber1","value":"50","type":"number"},{"constraints":"{\"maxlen\":\"10\"}","description":"","name":"ExamplePassword","value":"","type":"password"},{"constraints":"{\"regex\":\"\",\"helpText\":\"\"}","description":"","name":"ExampleString4","value":"Build Plan Override","type":"string"},{"constraints":"{}","description":"","name":"ExampleString3","value":"Script Default","type":"string"},{"constraints":"{\"options\":[\"Option 1\",\"Option 2\",\"Option 3\"]}","description":"","name":"ExampleOption","value":"Option 1","type":"option"},{"constraints":"{\"helpText\":\"\"}","description":"","name":"ExampleFQDN","value":"example.com","type":"fqdn"},{"constraints":"{\"ipType\":\"manage-externally\",\"helpText\":\"\"}","description":"","name":"ExampleIPv4Address","value":"10.1.2.3","type":"ipv4"},{"constraints":"{\"options\":[\"Fail_OS_Deployment\",\"#Attempt_OS_Deployment\"]}","description":"","name":"DeploymentTesting","value":"#Attempt_OS_Deployment","type":"option"}],"buildStep":[{"planScriptName":"User -  Developer 1.0 - example UEFI personalization script - 2017-03-17","planScriptUri":"/rest/plan-scripts/c80feb3d-bbff-4a70-ac02-56dc07910e3e","parameters":null,"serialNumber":"1"},{"planScriptName":"HPE - Developer 1.0 - attempt or fail deployment - 2017-03-17","planScriptUri":"/rest/plan-scripts/6f0f67e7-8def-4b28-bf55-387058883221","parameters":null,"serialNumber":"2"}],"eTag":null,"created":null,"modified":null,"etag":null,"hpProvided":false,"buildPlanid":"e129fcd2-bf9f-4ed1-8e2e-6447e191ccf4","oeBuildPlanType":"deploy","description":"","category":null,"status":null,"uri":null,"name":"User - Developer 1.0 - example UEFI deploy - 2017-03-17"}