{"type":"OeBuildPlan","dependentArtifacts":null,"customAttributes":[{"constraints":"{\"ipv4static\":true,\"ipv4dhcp\":true,\"parameters\":[\"dns1\",\"dns2\",\"domain\",\"gateway\",\"ipaddress\",\"mac\",\"netmask\"]}","description":"","name":"ExampleNIC","value":"","type":"nic"},{"constraints":"{}","description":"","name":"VolumeSize","value":"","type":"string"},{"constraints":"{\"regex\":\"\",\"helpText\":\"Example string help\"}","description":"Example string value.","name":"ExampleString","value":"","type":"string"},{"constraints":"{\"minlen\":\"8\",\"maxlen\":\"12\",\"allowedchars\":\"ABCDEFGHIJKLMNOPQRSTUVWXYZabcdefghijklmnopqrstuvwxyz0123456789!@#$%\"}","description":"Example password. May have upper case, lower case, number, and !@#$% characters. Must have 8 to 12 characters.","name":"ExamplePassword","value":"********","type":"password"},{"constraints":"{\"minimum\":\"0\",\"maximum\":\"100\",\"increment\":\"0.1\"}","description":"Example number (in tenths).","name":"ExampleNumber","value":"","type":"number"},{"constraints":"{\"options\":[\"Option 1 (default)\",\"Option 2\",\"Option 3\"]}","description":"Example option setting.","name":"ExampleOption","value":"Option 1 (default)","type":"option"},{"constraints":"{\"helpText\":\"Example FQDN help.\",\"options\":[\"\"]}","description":"Example Fully Qualified Domain Name.","name":"ExampleFQDN","value":"","type":"fqdn"},{"constraints":"{\"regex\":\"[A-Z][a-z]*[0-9]*\",\"helpText\":\"Example string must be of the form \\\"Example123\\\".\"}","description":"Example constrained string.","name":"ExampleConstrainedString","value":"Example123","type":"string"},{"constraints":"{}","description":"","name":"DeploymentTesting","value":"Fail_OS_Deployment","type":"string"},{"constraints":"{\"ipType\":\"manage-externally\",\"helpText\":\"Example IPv4 address help.\",\"options\":[\"\"]}","description":"Example IPv4 address.","name":"ExampleIPv4Address","value":"","type":"ipv4"}],"buildStep":[{"planScriptName":"HPE - Foundation 1.0 - create empty OS Volume - 2017-03-17","planScriptUri":"/rest/plan-scripts/0a2c18d2-6ca3-4111-9a0a-c96677e10300","parameters":null,"serialNumber":"1"},{"planScriptName":"HPE - Developer 1.0 - add example messages to log - 2017-03-17","planScriptUri":"/rest/plan-scripts/a7ea4efd-8f7d-4ea8-b788-847f29d7438e","parameters":null,"serialNumber":"2"},{"planScriptName":"HPE - Developer 1.0 - attempt or fail deployment - 2017-03-17","planScriptUri":"/rest/plan-scripts/6f0f67e7-8def-4b28-bf55-387058883221","parameters":null,"serialNumber":"3"}],"eTag":null,"created":null,"modified":null,"etag":null,"hpProvided":true,"buildPlanid":"e74104fe-0ff9-418d-9707-dc25ac067468","oeBuildPlanType":"deploy","description":"","category":null,"status":null,"uri":null,"name":"HPE - Developer 1.0 - example attribute types - 2017-03-17"}