{"type":"PlanScript","dependentArtifacts":null,"hpProvided":true,"eTag":null,"created":null,"modified":null,"customAttributes":null,"planType":"deploy","description":"Add a example messages to the Image Streamer OS deployment log.","category":null,"status":null,"uri":null,"name":"HPE - Developer 1.0 - add example messages to log - 2017-08-28","id":"0810dd42-492f-4914-bc3d-49ef183102b7","state":null,"content":"# (c) Copyright 2017 Hewlett Packard Enterprise Development LP\n#\n# Licensed under the Apache License, Version 2.0 (the \"License\");\n# you may not use this file except in compliance with the License.\n# You may obtain a copy of the License at #http://www.apache.org/licenses/LICENSE-2.0\n#\n# Unless required by applicable law or agreed to in writing, software distributed\n# under the License is distributed on an \"AS IS\" BASIS, WITHOUT WARRANTIES #OR\n# CONDITIONS OF ANY KIND, either express or implied. See the License for the\n# specific language governing permissions and limitations under the License.\n\necho \"Example log messages:\"\necho \"    ExampleString: @ExampleString:Hello World!@\"\necho \"    ExampleNumber: @ExampleNumber:50@\"\necho \"    ExampleOption: @ExampleOption:Option1@\"\necho \"    ExamplePassword: @ExamplePassword@\"\necho \"    ExampleIPv4Address: @ExampleIPv4Address@\"\necho \"    ExampleFQDN: @ExampleFQDN@\"\n\n# mac is mandatory for unteamed NIC configuration\necho \"Example Unteamed NIC configuration:\"\necho \"    ExampleUnteamedNIC.mac: @ExampleUnteamedNIC.mac@\"\necho \"    ExampleUnteamedNIC.ipaddress: @ExampleUnteamedNIC.ipaddress@\"\necho \"    ExampleUnteamedNIC.netmask: @ExampleUnteamedNIC.netmask@\"\necho \"    ExampleUnteamedNIC.gateway: @ExampleUnteamedNIC.gateway@\"\necho \"    ExampleUnteamedNIC.dns1: @ExampleUnteamedNIC.dns1@\"\necho \"    ExampleUnteamedNIC.dns2: @ExampleUnteamedNIC.dns2@\"\necho \"    ExampleUnteamedNIC.dhcp: @ExampleUnteamedNIC.dhcp@\"\n\n# For NIC teaming configuration, mac1, mac2 and ipaddress1 are the mandatory parameters, ipaddress2 is optional.\n# mac1 goes along with ipaddress1 and mac2 with ipaddress2\n\necho \"Example NIC teaming configuration1:\"\necho \"    ExampleTeamedNIC.mac1: @ExampleTeamedNIC.mac1@\"\necho \"    ExampleTeamedNIC.mac2: @ExampleTeamedNIC.mac2@\"\necho \"    ExampleTeamedNIC.ipaddress1: @ExampleTeamedNIC.ipaddress1@\"\necho \"    ExampleTeamedNIC.ipaddress2: @ExampleTeamedNIC.ipaddress2@\"\necho \"    ExampleTeamedNIC.dns1: @ExampleTeamedNIC.dns1@\"\necho \"    ExampleTeamedNIC.dns2: @ExampleTeamedNIC.dns2@\"\necho \"    ExampleTeamedNIC.netmask: @ExampleTeamedNIC.netmask@\"\necho \"    ExampleTeamedNIC.gateway: @ExampleTeamedNIC.gateway@\"\necho \"    ExampleTeamedNIC.dhcp: @ExampleTeamedNIC.dhcp@\""}