{"type":"OeBuildPlan","dependentArtifacts":null,"customAttributes":[],"buildStep":[{"planScriptName":"HPE - Developer 1.0 - example UEFI generalization script - 2017-03-24","planScriptUri":"/rest/plan-scripts/ab5cfb6b-d4c4-4036-afee-29ea62441c0f","serialNumber":"1","parameters":null}],"eTag":null,"created":null,"modified":null,"hpProvided":true,"buildPlanid":"5613d15b-1e56-4938-845d-a5b2efcfa1a9","oeBuildPlanType":"capture","description":"(c) Copyright 2017 Hewlett Packard Enterprise Development LP. Licensed under the Apache License, Version 2.0 (the \"License\");you may not use this file except in compliance with the License.You may obtain a copy of the License;...","category":null,"status":null,"uri":null,"name":"HPE - Developer 1.0 - example UEFI capture - 2017-03-24"}