{"type":"OeBuildPlan","dependentArtifacts":null,"customAttributes":[{"constraints":"{\"ipv4static\":true,\"ipv4dhcp\":true,\"ipv4disable\":false,\"ipv4noteaming\":false,\"parameters\":[\"dhcp\",\"dns1\",\"dns2\",\"gateway\",\"ipaddress1\",\"ipaddress2\",\"mac1\",\"mac2\",\"netmask\"]}","description":"","name":"ExampleTeamedNIC","value":null,"type":"nic"},{"constraints":"{\"ipv4static\":true,\"ipv4dhcp\":true,\"ipv4disable\":false,\"ipv4noteaming\":false,\"parameters\":[\"dhcp\",\"dns1\",\"dns2\",\"gateway\",\"ipaddress\",\"mac\",\"netmask\"]}","description":"","name":"ExampleUnteamedNIC","value":null,"type":"nic"},{"constraints":"{}","description":"","name":"VolumeSize","value":"","type":"number"},{"constraints":"{\"maxlen\":\"10\"}","description":"","name":"ExamplePassword","value":"","type":"password"},{"constraints":"{}","description":"","name":"ExampleString","value":"Hello World!","type":"string"},{"constraints":"{}","description":"","name":"ExampleNumber","value":"50","type":"number"},{"constraints":"{\"helpText\":\"\"}","description":"","name":"ExampleFQDN","value":"","type":"fqdn"},{"constraints":"{\"options\":[\"Option1\"]}","description":"","name":"ExampleOption","value":"Option1","type":"option"},{"constraints":"{\"helpText\":\"\"}","description":"","name":"ExampleIPv4Address","value":"","type":"ipv4"},{"constraints":"{\"options\":[\"Fail_OS_Deployment\"]}","description":"","name":"DeploymentTesting","value":"Fail_OS_Deployment","type":"string"}],"buildStep":[{"planScriptName":"HPE - Developer 1.0 - create empty OS Volume - 2017-07-07","planScriptUri":"/rest/plan-scripts/a89f7138-1ed0-44ad-805c-b9c8f5b95784","serialNumber":"1","parameters":null},{"planScriptName":"HPE - Developer 1.0 - add example messages to log - 2017-08-28","planScriptUri":"/rest/plan-scripts/0810dd42-492f-4914-bc3d-49ef183102b7","serialNumber":"2","parameters":null},{"planScriptName":"HPE - Developer 1.0 - attempt or fail deployment - 2017-03-24","planScriptUri":"/rest/plan-scripts/f244c12d-a830-4432-92b6-6e1d5d46abca","serialNumber":"3","parameters":null}],"eTag":null,"created":null,"modified":null,"hpProvided":true,"buildPlanid":"5a09c028-c5e1-41b7-88ef-0600ef1f5d11","oeBuildPlanType":"deploy","description":"(c) Copyright 2017 Hewlett Packard Enterprise Development LP. Licensed under the Apache License, Version 2.0 (the \"License\");you may not use this file except in compliance with the License.You may obtain a copy of the License;...","category":null,"status":null,"uri":null,"name":"HPE - Developer 1.0 - example attribute types - 2017-08-28"}