{"type":"OEDeploymentPlan","hpProvided":false,"customAttributes":[{"editable":true,"visible":true,"constraints":"{\"options\":[\"Option1\"]}","description":"","name":"ExampleOption","value":"Option1","id":"615067f7-d123-4e13-b52b-898085930264","type":"option"},{"editable":true,"visible":true,"constraints":"{\"helpText\":\"\"}","description":"","name":"ExampleIPv4Address","value":"","id":"2eac347f-03a6-4a6d-865c-02225832cc20","type":"ipv4"},{"editable":true,"visible":true,"constraints":"{}","description":"","name":"ExampleString4","value":"Initial Script Default","id":"5d250431-f842-4f4b-b76d-f446da4075af","type":"string"},{"editable":true,"visible":true,"constraints":"{}","description":"","name":"ExampleString3","value":"Script Default","id":"4a0faafe-ea1b-4389-83f9-e115a49b0225","type":"string"},{"editable":true,"visible":true,"constraints":"{}","description":"","name":"ExampleString2","value":"","id":"2b7d1e41-546d-44f6-936e-db146049ca89","type":"string"},{"editable":true,"visible":true,"constraints":"{}","description":"","name":"ExampleString1","value":"","id":"b9591749-3ca2-4a21-8da7-8df8c81f3c25","type":"string"},{"editable":true,"visible":true,"constraints":"{\"maxlen\":\"10\"}","description":"","name":"ExamplePassword","value":"","id":"0fb7cbb6-0dc7-4fea-baaa-1e58db870675","type":"password"},{"editable":true,"visible":true,"constraints":"{\"helpText\":\"\"}","description":"","name":"ExampleFQDN","value":"","id":"a3dbf8e4-e4e8-47f0-92f1-6a822d40b874","type":"fqdn"},{"editable":true,"visible":true,"constraints":"{}","description":"","name":"DeploymentTesting","value":"Fail_OS_Deployment","id":"72eab2bb-4221-4608-888d-430e91e3ee87","type":"string"},{"editable":true,"visible":true,"constraints":"{}","description":"","name":"ExampleNumber1","value":"","id":"b63ec35d-c3de-43ec-99af-3711975c1951","type":"number"},{"editable":true,"visible":true,"constraints":"{}","description":"","name":"ExampleNumber2","value":"9999","id":"c6b0f105-3293-4e51-a4f6-7ecbd2282542","type":"number"}],"importMetadata":false,"eTag":null,"created":null,"modified":null,"goldenImageURI":"HPE - Developer 1.0 - UEFI Test Image - 2017-03-24","oeBuildPlanURI":"User - Developer 1.0 - example UEFI deploy - 2017-03-24","description":"(c) Copyright 2017 Hewlett Packard Enterprise Development LP. Licensed under the Apache License, Version 2.0 (the \"License\");you may not use this file except in compliance with the License.You may obtain a copy of the License.","category":null,"status":null,"uri":null,"name":"User - Developer 1.0 - Deployment Test (UEFI) - 2017-03-24","id":"646daa3c-22b9-4e51-b2ca-a4349262693b","state":null}