{"type":"OEDeploymentPlan","hpProvided":true,"customAttributes":[{"editable":true,"visible":true,"constraints":"{\"options\":[\"Option1\"]}","description":"","name":"ExampleOption","value":"Option1","id":"be6fa2d4-136f-4045-bb99-753d2c114a71","type":"option"},{"editable":true,"visible":true,"constraints":"{\"helpText\":\"\"}","description":"","name":"ExampleIPv4Address","value":"","id":"5281af6d-a05f-424f-97db-d426eb3bd745","type":"ipv4"},{"editable":true,"visible":true,"constraints":"{}","description":"","name":"ExampleString4","value":"Initial Script Default","id":"72a2cebb-3f6f-4d0e-b0d5-9577fecbd56f","type":"string"},{"editable":true,"visible":true,"constraints":"{}","description":"","name":"ExampleString3","value":"Script Default","id":"6e636899-d7cb-4799-ba1b-409483d1be88","type":"string"},{"editable":true,"visible":true,"constraints":"{}","description":"","name":"ExampleString2","value":"","id":"2481c074-334a-4d4c-9cbd-ec898ddc436d","type":"string"},{"editable":true,"visible":true,"constraints":"{}","description":"","name":"ExampleString1","value":"","id":"ea2f5e61-bf42-4b9a-8bac-d6b2ded95e8e","type":"string"},{"editable":true,"visible":true,"constraints":"{\"maxlen\":\"10\"}","description":"","name":"ExamplePassword","value":"","id":"a019a0a8-42b7-4148-8305-f417753e7fa3","type":"password"},{"editable":true,"visible":true,"constraints":"{\"helpText\":\"\"}","description":"","name":"ExampleFQDN","value":"","id":"afbe2a2d-d7ec-44ac-bd53-ee391bd41fec","type":"fqdn"},{"editable":true,"visible":true,"constraints":"{}","description":"","name":"ExampleNumber1","value":"","id":"e4df3324-9473-40df-bb53-9fa7f4b55187","type":"number"},{"editable":true,"visible":true,"constraints":"{}","description":"","name":"ExampleNumber2","value":"9999","id":"058f67da-1366-4ab5-a92e-789ff419acc5","type":"number"}],"importMetadata":false,"eTag":null,"created":null,"modified":null,"goldenImageURI":"HPE - Developer 1.0 - UEFI Test Image - 2017-03-24","oeBuildPlanURI":"HPE - Developer 1.0 - example UEFI deploy - 2017-03-24","description":"(c) Copyright 2017 Hewlett Packard Enterprise Development LP. Licensed under the Apache License, Version 2.0 (the \"License\");you may not use this file except in compliance with the License.You may obtain a copy of the License.","category":null,"status":null,"uri":null,"name":"HPE - Developer 1.0 - Deployment Test (UEFI) - 2017-03-24","id":"71bf7ed1-ddf5-456a-afd7-fe67496da476","state":null}