{"type":"OeBuildPlan","dependentArtifacts":null,"customAttributes":[{"constraints":"{}","description":"","name":"ExampleString2","value":"","type":"string"},{"constraints":"{}","description":"","name":"ExampleNumber2","value":"9999","type":"number"},{"constraints":"{}","description":"","name":"ExampleNumber1","value":"","type":"number"},{"constraints":"{}","description":"","name":"ExampleString1","value":"","type":"string"},{"constraints":"{\"maxlen\":\"10\"}","description":"","name":"ExamplePassword","value":"","type":"password"},{"constraints":"{}","description":"","name":"ExampleString4","value":"Initial Script Default","type":"string"},{"constraints":"{}","description":"","name":"ExampleString3","value":"Script Default","type":"string"},{"constraints":"{\"helpText\":\"\"}","description":"","name":"ExampleFQDN","value":"","type":"fqdn"},{"constraints":"{\"options\":[\"Option1\"]}","description":"","name":"ExampleOption","value":"Option1","type":"option"},{"constraints":"{\"helpText\":\"\"}","description":"","name":"ExampleIPv4Address","value":"","type":"ipv4"}],"buildStep":[{"planScriptName":"HPE - Developer 1.0 - example UEFI personalization script - 2017-03-24","planScriptUri":"/rest/plan-scripts/24f3e49b-984e-45ef-bb34-2bee9a79e1cd","serialNumber":"1","parameters":null}],"eTag":null,"created":null,"modified":null,"hpProvided":true,"buildPlanid":"829593b3-0763-46d8-b13d-0a1f233bcc75","oeBuildPlanType":"deploy","description":"(c) Copyright 2017 Hewlett Packard Enterprise Development LP. Licensed under the Apache License, Version 2.0 (the \"License\");you may not use this file except in compliance with the License.You may obtain a copy of the License.","category":null,"status":null,"uri":null,"name":"HPE - Developer 1.0 - example UEFI deploy - 2017-03-24"}