{"type":"OeBuildPlan","dependentArtifacts":null,"customAttributes":[],"buildStep":[{"planScriptName":"User - Developer 1.0 - example UEFI generalization script - 2017-03-24","planScriptUri":"/rest/plan-scripts/edb780fc-3058-40fa-bca3-ae34f13a7c5d","serialNumber":"1","parameters":null}],"eTag":null,"created":null,"modified":null,"hpProvided":false,"buildPlanid":"d212dd33-b892-4101-be59-89190c6c5156","oeBuildPlanType":"capture","description":"(c) Copyright 2017 Hewlett Packard Enterprise Development LP. Licensed under the Apache License, Version 2.0 (the \"License\");you may not use this file except in compliance with the License.You may obtain a copy of the License;...","category":null,"status":null,"uri":null,"name":"User - Developer 1.0 - example UEFI capture - 2017-03-24"}