{"type":"GoldenImage","dependentArtifacts":null,"osVolumeName":null,"checkSum":null,"importedFromBundle":true,"bundleName":"HPE-ImageStreamer-Developer-2017-08-28","bundleURI":"/ci/data/i3s/artifactsbundle/93c6709b-96ed-440b-a7db-767b6791c013","artifactBundleCategory":"artifact-bundles","osVolumeCategory":null,"buildPlanName":null,"buildPlanCategory":null,"imageCapture":false,"osVolumeURI":null,"buildPlanUri":null,"readOnly":true,"created":null,"modified":null,"description":"HPE Golden Image for testing OS Deployment. This Golden Image includes a UEFI System Partition and a GRUB loader having a simple configuration to show a message on the server console at boot. (c) Copyright 2017 Hewlett Packard Enterprise Development LP;","category":null,"status":null,"uri":null,"name":"HPE - Developer 1.0 - UEFI Test Image - 2017-03-24","id":"f12887e3-a1d5-4fda-9a58-b372c32db74a","state":null,"size":0,"eTag":null}