{"type":"OeBuildPlan","dependentArtifacts":null,"customAttributes":[{"constraints":"{}","description":"","name":"ExampleString2","value":"","type":"string"},{"constraints":"{}","description":"","name":"ExampleNumber2","value":"9999","type":"number"},{"constraints":"{}","description":"","name":"ExampleNumber1","value":"","type":"number"},{"constraints":"{}","description":"","name":"ExampleString1","value":"","type":"string"},{"constraints":"{\"maxlen\":\"10\"}","description":"","name":"ExamplePassword","value":"","type":"password"},{"constraints":"{}","description":"","name":"ExampleString4","value":"Initial Script Default","type":"string"},{"constraints":"{}","description":"","name":"ExampleString3","value":"Script Default","type":"string"},{"constraints":"{\"helpText\":\"\"}","description":"","name":"ExampleFQDN","value":"","type":"fqdn"},{"constraints":"{\"options\":[\"Option1\"]}","description":"","name":"ExampleOption","value":"Option1","type":"option"},{"constraints":"{}","description":"","name":"DeploymentTesting","value":"Fail_OS_Deployment","type":"string"},{"constraints":"{\"helpText\":\"\"}","description":"","name":"ExampleIPv4Address","value":"","type":"ipv4"}],"buildStep":[{"planScriptName":"User -  Developer 1.0 - example UEFI personalization script - 2017-03-24","planScriptUri":"/rest/plan-scripts/1ba1732f-0d3f-4dba-a811-86edd7a6d6c6","serialNumber":"1","parameters":null},{"planScriptName":"HPE - Developer 1.0 - attempt or fail deployment - 2017-03-24","planScriptUri":"/rest/plan-scripts/f244c12d-a830-4432-92b6-6e1d5d46abca","serialNumber":"2","parameters":null}],"eTag":null,"created":null,"modified":null,"hpProvided":false,"buildPlanid":"f82b0043-ab95-4378-96eb-895aadc774aa","oeBuildPlanType":"deploy","description":"(c) Copyright 2017 Hewlett Packard Enterprise Development LP. Licensed under the Apache License, Version 2.0 (the \"License\");you may not use this file except in compliance with the License.You may obtain a copy of the License.","category":null,"status":null,"uri":null,"name":"User - Developer 1.0 - example UEFI deploy - 2017-03-24"}