{"type":"OeBuildPlan","dependentArtifacts":null,"customAttributes":[{"constraints":"{\"regex\":\"\",\"helpText\":\"\"}","description":"Example string attribute","name":"ExampleString","value":"Hello World!","type":"string"},{"constraints":"{}","description":"Example Number attribute","name":"ExampleNumber","value":"50","type":"number"},{"constraints":"{\"options\":[\"Option1\"]}","description":"Example option attribute","name":"ExampleOption","value":"Option1","type":"option"}],"buildStep":[{"planScriptName":"HPE - Support 1.0 - simple example UEFI personalization script - 2017-03-24","planScriptUri":"/rest/plan-scripts/ea0e6e28-6c0a-468a-abdc-b8098928b34b","serialNumber":"1","parameters":null}],"eTag":null,"created":null,"modified":null,"hpProvided":true,"buildPlanid":"72cc4ec7-d323-43f2-a888-770c3f67518e","oeBuildPlanType":"deploy","description":"HPE - Support 1.0 - simple test deployment (UEFI) - 2017-03-24 (c) Copyright 2017 Hewlett Packard Enterprise Development LP. Licensed under the Apache License, Version 2.0 (the \"License\");you may not use this file except in compliance.","category":null,"status":null,"uri":null,"name":"HPE - Support 1.0 - simple test deployment (UEFI) - 2017-11-29"}