{"type":"OeBuildPlan","dependentArtifacts":null,"customAttributes":[{"constraints":"{\"ipv4static\":true,\"ipv4dhcp\":true,\"ipv4disable\":false,\"parameters\":[\"dhcp\",\"dns1\",\"dns2\",\"gateway\",\"ipaddress1\",\"ipaddress2\",\"mac1\",\"mac2\",\"netmask\"],\"ipv4noteaming\":false}","description":"Example NIC attribute for teaming","name":"ExampleTeamedNIC","value":null,"type":"nic"},{"constraints":"{\"ipv4static\":true,\"ipv4dhcp\":true,\"ipv4disable\":false,\"parameters\":[\"dhcp\",\"dns1\",\"dns2\",\"gateway\",\"ipaddress\",\"mac\",\"netmask\"]}","description":"Example NIC attribute","name":"ExampleUnteamedNIC","value":null,"type":"nic"},{"constraints":"{\"maxlen\":\"10\"}","description":"Example Password attribute","name":"ExamplePassword","value":"","type":"password"},{"constraints":"{\"regex\":\"\",\"helpText\":\"\"}","description":"Example String attribute","name":"ExampleString","value":"Hello World!","type":"string"},{"constraints":"{}","description":"Example Number Attribute","name":"ExampleNumber","value":"50","type":"number"},{"constraints":"{\"helpText\":\"\"}","description":"example FQDN attribute","name":"ExampleFQDN","value":"","type":"fqdn"},{"constraints":"{\"options\":[\"Option1\"]}","description":"Example Option Attribute","name":"ExampleOption","value":"Option1","type":"option"},{"constraints":"{\"helpText\":\"\"}","description":"Example IPv4 Address attrubute","name":"ExampleIPv4Address","value":"","type":"ipv4"}],"buildStep":[{"planScriptName":"HPE - Support 1.0 - network example UEFI personalization script - 2017-08-28","planScriptUri":"/rest/plan-scripts/481ff65a-e41f-4540-8846-a59761d10674","serialNumber":"1","parameters":null}],"eTag":null,"created":null,"modified":null,"hpProvided":true,"buildPlanid":"84664017-1e03-4bfb-b48e-173284f7090e","oeBuildPlanType":"deploy","description":"HPE - Support 1.0 - network test deployment (UEFI) - 2017-03-24 (c) Copyright 2017 Hewlett Packard Enterprise Development LP. Licensed under the Apache License, Version 2.0 (the \"License\");you may not use this file except in compliance;...","category":null,"status":null,"uri":null,"name":"HPE - Support 1.0 - network test deployment (UEFI) - 2017-11-29"}