{"type":"OEDeploymentPlan","hpProvided":true,"customAttributes":[{"visible":true,"constraints":"{\"regex\":\"\",\"helpText\":\"\"}","editable":true,"description":"Example String attribute","name":"ExampleString","value":"Hello World!","id":"f4deafe6-9c65-4f26-a5e9-83044ac3ceea","type":"string"},{"visible":true,"constraints":"{\"helpText\":\"\"}","editable":true,"description":"example FQDN attribute","name":"ExampleFQDN","value":"","id":"9ee70d2d-62b2-4887-ae71-c8309661d84d","type":"fqdn"},{"visible":true,"constraints":"{\"maxlen\":\"10\"}","editable":true,"description":"Example Password attribute","name":"ExamplePassword","value":"","id":"d841cf9d-882b-4eaa-a537-e6908a059361","type":"password"},{"visible":true,"constraints":"{}","editable":true,"description":"Example Number Attribute","name":"ExampleNumber","value":"50","id":"a7d5b5e0-4c0a-4da0-be5b-961d499f35a7","type":"number"},{"visible":true,"constraints":"{\"options\":[\"Option1\"]}","editable":true,"description":"Example Option Attribute","name":"ExampleOption","value":"Option1","id":"51fb7f88-60e7-4e23-99a6-b47cc32ad2f4","type":"option"},{"visible":true,"constraints":"{\"helpText\":\"\"}","editable":true,"description":"Example IPv4 Address attrubute","name":"ExampleIPv4Address","value":"","id":"3ecd09d1-25da-46a6-80c6-5fc80bd3c73f","type":"ipv4"},{"visible":true,"constraints":"{\"ipv4static\":true,\"ipv4dhcp\":true,\"ipv4disable\":false,\"parameters\":[\"dhcp\",\"dns1\",\"dns2\",\"gateway\",\"ipaddress\",\"mac\",\"netmask\"]}","editable":true,"description":"Example NIC attribute","name":"ExampleUnteamedNIC","value":null,"id":"cbcd60db-07e0-4c5d-810a-ff6ba047c95f","type":"nic"},{"visible":true,"constraints":"{\"ipv4static\":true,\"ipv4dhcp\":true,\"ipv4disable\":false,\"parameters\":[\"dhcp\",\"dns1\",\"dns2\",\"gateway\",\"ipaddress1\",\"ipaddress2\",\"mac1\",\"mac2\",\"netmask\"],\"ipv4noteaming\":false}","editable":true,"description":"Example NIC attribute for teaming","name":"ExampleTeamedNIC","value":null,"id":"f4b96458-1f15-4b88-9d53-ecd07904db11","type":"nic"}],"importMetadata":false,"eTag":null,"created":null,"modified":null,"goldenImageURI":"HPE - Support 1.0 - UEFI Test Image - 2017-03-24","oeBuildPlanURI":"HPE - Support 1.0 - network test deployment (UEFI) - 2017-11-29","description":"(c) Copyright 2017 Hewlett Packard Enterprise Development LP. Licensed under the Apache License, Version 2.0 (the \"License\");you may not use this file except in compliance with the License.","category":null,"status":null,"uri":null,"name":"HPE - Support 1.0 - network deployment test-2017-11-29","id":"8b1d1e3b-43c6-4378-8158-b0430ce7aea1","state":null}