{"type":"OEDeploymentPlan","hpProvided":true,"customAttributes":[{"visible":true,"constraints":"{\"options\":[\"Option1\"]}","editable":true,"description":"Example option attribute","name":"ExampleOption","value":"Option1","id":"e543cff7-9679-4f04-a1f3-e010515cf734","type":"option"},{"visible":true,"constraints":"{\"regex\":\"\",\"helpText\":\"\"}","editable":true,"description":"Example string attribute","name":"ExampleString","value":"Hello World!","id":"41575ceb-62a1-450c-b113-9da5fed9cb2e","type":"string"},{"visible":true,"constraints":"{}","editable":true,"description":"Example Number attribute","name":"ExampleNumber","value":"50","id":"47b8c86a-e2bf-42d3-8703-2ff1ec1b5bb6","type":"number"}],"importMetadata":false,"eTag":null,"created":null,"modified":null,"goldenImageURI":"HPE - Support 1.0 - UEFI Test Image - 2017-03-24","oeBuildPlanURI":"HPE - Support 1.0 - simple test deployment (UEFI) - 2017-11-29","description":"(c) Copyright 2017 Hewlett Packard Enterprise Development LP. Licensed under the Apache License, Version 2.0 (the \"License\");you may not use this file except in compliance with the License.","category":null,"status":null,"uri":null,"name":"HPE - Support 1.0 - simple deployment test-2017-11-29","id":"c792c921-7959-4ed7-9ad7-e309d1be3f67","state":null}