{"type":"GoldenImage","checkSum":null,"dependentArtifacts":null,"osVolumeName":null,"osVolumeURI":null,"buildPlanUri":null,"importedFromBundle":true,"bundleName":"HPE-Support-Artifacts-2017-11-29-v4.0","bundleURI":"/ci/data/i3s/artifactsbundle/e6d0fe96-3fca-491f-b92a-18033e1ef3b0","imageCapture":false,"osVolumeCategory":null,"buildPlanName":null,"buildPlanCategory":null,"artifactBundleCategory":"artifact-bundles","readOnly":true,"created":null,"modified":null,"description":"HPE Golden Image for testing OS Deployment. This Golden Image includes a UEFI System Partition and a GRUB loader having a simple configuration to show a message on the server console at boot. (c) Copyright 2017 Hewlett Packard Enterprise Development LP;","category":null,"status":null,"uri":null,"name":"HPE - Support 1.0 - UEFI Test Image - 2017-03-24","id":"e75c8b4c-4202-4864-999d-cc1e506fd23c","state":null,"size":0,"eTag":null}